Element_ID,Element_Type,Element_Subtype,Vendor,Software_Version,Hardware_Model,Location_Lat,Location_Lon,Region,Installation_Date,Capacity_Rating,Status
eNB_Lisboa_001,eNodeB,RAN,Ericsson,Ericsson_SW_4G_1.3,Ericsson_4G_Premium,38.73223428306022,-9.142065286023424,Lisboa,2023-06-26,68,ACTIVE
eNB_Lisboa_002,eNodeB,RAN,ZTE,ZTE_SW_4G_4.9,ZTE_4G_Standard,38.735253770762014,-9.10883940287184,Lisboa,2024-06-14,148,ACTIVE
eNB_Lisboa_003,eNodeB,RAN,ZTE,ZTE_SW_4G_4.3,ZTE_4G_Standard,38.71761693250553,-9.143982739138984,Lisboa,2021-08-25,51,ACTIVE
eNB_Lisboa_004,eNodeB,RAN,Ericsson,Ericsson_SW_4G_4.3,Ericsson_4G_Standard,38.753884256310144,-9.123951305416941,Lisboa,2021-12-26,182,ACTIVE
eNB_Lisboa_005,eNodeB,RAN,ZTE,ZTE_SW_4G_1.8,ZTE_4G_Standard,38.7129105122813,-9.12844879912828,Lisboa,2022-03-25,81,ACTIVE
eNB_Lisboa_006,eNodeB,RAN,ZTE,ZTE_SW_4G_2.7,ZTE_4G_Standard,38.71303164614375,-9.148614595071406,Lisboa,2023-03-03,193,ACTIVE
eNB_Lisboa_007,eNodeB,RAN,Huawei,Huawei_SW_4G_4.9,Huawei_4G_Premium,38.72713924543132,-9.177565604893156,Lisboa,2023-08-02,179,ACTIVE
eNB_Lisboa_008,eNodeB,RAN,ZTE,ZTE_SW_4G_5.7,ZTE_4G_Premium,38.68780164334974,-9.15054575058482,Lisboa,2023-10-04,171,ACTIVE
eNB_Lisboa_009,eNodeB,RAN,ZTE,ZTE_SW_4G_3.3,ZTE_4G_Premium,38.702043377593306,-9.133015053348094,Lisboa,2020-01-01,120,ACTIVE
eNB_Lisboa_010,eNodeB,RAN,ZTE,ZTE_SW_4G_2.4,ZTE_4G_Standard,38.704139518489576,-9.167546074026706,Lisboa,2024-05-17,123,ACTIVE
eNB_Lisboa_011,eNodeB,RAN,Nokia,Nokia_SW_4G_3.5,Nokia_4G_Standard,38.75161297537843,-9.143815526009732,Lisboa,2024-05-25,188,ACTIVE
eNB_Lisboa_012,eNodeB,RAN,Ericsson,Ericsson_SW_4G_2.2,Ericsson_4G_Standard,38.72365056409375,-9.167794963724269,Lisboa,2023-09-07,89,ACTIVE
eNB_Lisboa_013,eNodeB,RAN,Nokia,Nokia_SW_4G_1.6,Nokia_4G_Standard,38.711412345509494,-9.137081548205803,Lisboa,2022-04-13,188,ACTIVE
eNB_Lisboa_014,eNodeB,RAN,ZTE,ZTE_SW_4G_4.0,ZTE_4G_Standard,38.69928012845155,-9.131786039633086,Lisboa,2022-02-15,157,ACTIVE
eNB_Lisboa_015,eNodeB,RAN,ZTE,ZTE_SW_4G_5.0,ZTE_4G_Premium,38.71028722620162,-9.145133874995865,Lisboa,2019-01-25,197,ACTIVE
eNB_Lisboa_016,eNodeB,RAN,ZTE,ZTE_SW_4G_4.0,ZTE_4G_Premium,38.71026586775541,-9.102254436309822,Lisboa,2024-06-08,126,ACTIVE
eNB_Lisboa_017,eNodeB,RAN,ZTE,ZTE_SW_4G_4.8,ZTE_4G_Premium,38.722030055505236,-9.160454218579119,Lisboa,2022-07-03,189,ACTIVE
eNB_Lisboa_018,eNodeB,RAN,Nokia,Nokia_SW_4G_4.3,Nokia_4G_Standard,38.73875089824206,-9.163716872999421,Lisboa,2020-01-11,174,ACTIVE
eNB_Lisboa_019,eNodeB,RAN,Ericsson,Ericsson_SW_4G_4.5,Ericsson_4G_Standard,38.726477271900094,-9.178493402477596,Lisboa,2022-04-06,153,ACTIVE
eNB_Lisboa_020,eNodeB,RAN,Nokia,Nokia_SW_4G_4.2,Nokia_4G_Premium,38.69573627902203,-9.135362775282617,Lisboa,2019-09-12,186,ACTIVE
eNB_Lisboa_021,eNodeB,RAN,Ericsson,Ericsson_SW_4G_4.9,Ericsson_4G_Standard,38.737069331599905,-9.1358726343762,Lisboa,2021-08-12,56,ACTIVE
eNB_Lisboa_022,eNodeB,RAN,Ericsson,Ericsson_SW_4G_4.2,Ericsson_4G_Premium,38.71998703435223,-9.145322073911787,Lisboa,2024-08-29,96,ACTIVE
eNB_Lisboa_023,eNodeB,RAN,Ericsson,Ericsson_SW_4G_3.6,Ericsson_4G_Standard,38.692729560192646,-9.153696884167895,Lisboa,2022-12-11,166,ACTIVE
eNB_Lisboa_024,eNodeB,RAN,Huawei,Huawei_SW_4G_3.6,Huawei_4G_Standard,38.7130872245808,-9.118157555475623,Lisboa,2019-12-29,157,ACTIVE
eNB_Lisboa_025,eNodeB,RAN,Huawei,Huawei_SW_4G_1.7,Huawei_4G_Standard,38.729172365791364,-9.174560803107255,Lisboa,2020-12-01,188,ACTIVE
eNB_Lisboa_026,eNodeB,RAN,Ericsson,Ericsson_SW_4G_3.3,Ericsson_4G_Standard,38.72878167938789,-9.147001645608327,Lisboa,2021-08-13,60,ACTIVE
eNB_Lisboa_027,eNodeB,RAN,Ericsson,Ericsson_SW_4G_2.3,Ericsson_4G_Premium,38.708761559993874,-9.127066474223183,Lisboa,2022-12-28,89,ACTIVE
eNB_Lisboa_028,eNodeB,RAN,Nokia,Nokia_SW_4G_2.7,Nokia_4G_Standard,38.74291999044991,-9.120674397617677,Lisboa,2022-04-27,194,ACTIVE
eNB_Lisboa_029,eNodeB,RAN,Nokia,Nokia_SW_4G_4.4,Nokia_4G_Premium,38.70551564953554,-9.145484247517025,Lisboa,2020-12-16,92,ACTIVE
eNB_Lisboa_030,eNodeB,RAN,Ericsson,Ericsson_SW_4G_2.4,Ericsson_4G_Standard,38.72892526862807,-9.119789097457554,Lisboa,2023-08-03,56,ACTIVE
eNB_Lisboa_031,eNodeB,RAN,Huawei,Huawei_SW_4G_5.6,Huawei_4G_Standard,38.712716515243095,-9.143013179533277,Lisboa,2023-09-11,100,ACTIVE
eNB_Lisboa_032,eNodeB,RAN,Ericsson,Ericsson_SW_4G_5.3,Ericsson_4G_Standard,38.70017330051988,-9.163224132481615,Lisboa,2020-06-21,127,ACTIVE
eNB_Lisboa_033,eNodeB,RAN,Ericsson,Ericsson_SW_4G_5.0,Ericsson_4G_Standard,38.73855051644788,-9.112175199428584,Lisboa,2023-08-25,159,ACTIVE
eNB_Lisboa_034,eNodeB,RAN,Huawei,Huawei_SW_4G_1.8,Huawei_4G_Standard,38.72085979756839,-9.11922934204216,Lisboa,2020-09-15,53,ACTIVE
eNB_Lisboa_035,eNodeB,RAN,ZTE,ZTE_SW_4G_4.1,ZTE_4G_Standard,38.72953272050095,-9.152202395092102,Lisboa,2020-11-16,142,ACTIVE
eNB_Lisboa_036,eNodeB,RAN,ZTE,ZTE_SW_4G_2.6,ZTE_4G_Standard,38.729527912110164,-9.10853926867068,Lisboa,2021-10-07,183,ACTIVE
eNB_Lisboa_037,eNodeB,RAN,Huawei,Huawei_SW_4G_5.8,Huawei_4G_Premium,38.7215834792178,-9.10800712688372,Lisboa,2024-03-31,169,ACTIVE
eNB_Lisboa_038,eNodeB,RAN,ZTE,ZTE_SW_4G_5.4,ZTE_4G_Standard,38.6699050979182,-9.122861949912496,Lisboa,2019-08-01,112,ACTIVE
eNB_Lisboa_039,eNodeB,RAN,Ericsson,Ericsson_SW_4G_3.7,Ericsson_4G_Standard,38.72404094136476,-9.145280147009318,Lisboa,2023-05-02,168,ACTIVE
eNB_Lisboa_040,eNodeB,RAN,ZTE,ZTE_SW_4G_3.0,ZTE_4G_Standard,38.72413521553071,-9.179051378292018,Lisboa,2020-06-27,133,ACTIVE
eNB_Lisboa_041,eNodeB,RAN,Nokia,Nokia_SW_4G_4.3,Nokia_4G_Standard,38.71790656224325,-9.132157748569766,Lisboa,2023-11-07,116,ACTIVE
eNB_Lisboa_042,eNodeB,RAN,Huawei,Huawei_SW_4G_3.9,Huawei_4G_Premium,38.751857880894825,-9.149665404365473,Lisboa,2021-06-12,120,ACTIVE
eNB_Lisboa_043,eNodeB,RAN,Ericsson,Ericsson_SW_4G_5.3,Ericsson_4G_Standard,38.70613012794213,-9.149335140871692,Lisboa,2020-09-04,154,ACTIVE
eNB_Lisboa_044,eNodeB,RAN,ZTE,ZTE_SW_4G_5.3,ZTE_4G_Standard,38.74060804235404,-9.132724977806808,Lisboa,2022-07-30,175,ACTIVE
eNB_Lisboa_045,eNodeB,RAN,ZTE,ZTE_SW_4G_1.1,ZTE_4G_Standard,38.71170479592465,-9.129034651337733,Lisboa,2023-12-15,153,ACTIVE
eNB_Lisboa_046,eNodeB,RAN,Nokia,Nokia_SW_4G_3.9,Nokia_4G_Standard,38.72424155098696,-9.119927100189342,Lisboa,2024-03-21,191,ACTIVE
eNB_Lisboa_047,eNodeB,RAN,Huawei,Huawei_SW_4G_4.8,Huawei_4G_Standard,38.70825893812245,-9.145853242931956,Lisboa,2022-03-06,166,ACTIVE
eNB_Lisboa_048,eNodeB,RAN,Huawei,Huawei_SW_4G_3.4,Huawei_4G_Standard,38.714457836937356,-9.168570298962642,Lisboa,2021-06-27,99,ACTIVE
eNB_Lisboa_049,eNodeB,RAN,Huawei,Huawei_SW_4G_1.8,Huawei_4G_Premium,38.72822240554129,-9.134078894556403,Lisboa,2023-11-03,97,ACTIVE
eNB_Lisboa_050,eNodeB,RAN,Nokia,Nokia_SW_4G_2.7,Nokia_4G_Standard,38.72240226913284,-9.143991742667504,Lisboa,2022-02-14,200,ACTIVE
eNB_Lisboa_051,eNodeB,RAN,Huawei,Huawei_SW_4G_1.3,Huawei_4G_Standard,38.69399258515899,-9.147712906455308,Lisboa,2023-08-08,142,ACTIVE
eNB_Lisboa_052,eNodeB,RAN,Nokia,Nokia_SW_4G_3.0,Nokia_4G_Premium,38.71544570966946,-9.155345545384433,Lisboa,2020-06-21,82,ACTIVE
eNB_Lisboa_053,eNodeB,RAN,Huawei,Huawei_SW_4G_1.0,Huawei_4G_Standard,38.71907428576667,-9.13121898286371,Lisboa,2021-08-13,82,ACTIVE
eNB_Lisboa_054,eNodeB,RAN,ZTE,ZTE_SW_4G_1.0,ZTE_4G_Standard,38.76002371802421,-9.135808443743363,Lisboa,2019-08-25,170,ACTIVE
eNB_Lisboa_055,eNodeB,RAN,ZTE,ZTE_SW_4G_4.5,ZTE_4G_Standard,38.72745100781445,-9.140788918315323,Lisboa,2020-08-22,63,ACTIVE
eNB_Lisboa_056,eNodeB,RAN,Huawei,Huawei_SW_4G_4.1,Huawei_4G_Premium,38.683924575694014,-9.139830277508985,Lisboa,2022-11-28,152,ACTIVE
eNB_Lisboa_057,eNodeB,RAN,ZTE,ZTE_SW_4G_1.9,ZTE_4G_Standard,38.723504604198816,-9.090035157750295,Lisboa,2020-07-31,63,ACTIVE
eNB_Lisboa_058,eNodeB,RAN,Nokia,Nokia_SW_4G_2.9,Nokia_4G_Premium,38.718452780704375,-9.133269053153327,Lisboa,2020-09-30,71,ACTIVE
eNB_Lisboa_059,eNodeB,RAN,Nokia,Nokia_SW_4G_1.8,Nokia_4G_Premium,38.72160576460589,-9.162673560752392,Lisboa,2022-05-20,107,ACTIVE
eNB_Lisboa_060,eNodeB,RAN,ZTE,ZTE_SW_4G_4.7,ZTE_4G_Standard,38.745156456290296,-9.124261339346265,Lisboa,2021-09-27,200,ACTIVE
eNB_Lisboa_061,eNodeB,RAN,ZTE,ZTE_SW_4G_3.9,ZTE_4G_Standard,38.738120638940856,-9.157487749095894,Lisboa,2023-12-07,75,ACTIVE
eNB_Lisboa_062,eNodeB,RAN,Nokia,Nokia_SW_4G_2.4,Nokia_4G_Standard,38.75035588621872,-9.167337021255847,Lisboa,2022-10-25,90,ACTIVE
eNB_Lisboa_063,eNodeB,RAN,Nokia,Nokia_SW_4G_2.8,Nokia_4G_Standard,38.734037141876,-9.0954908874838,Lisboa,2018-09-29,50,ACTIVE
eNB_Lisboa_064,eNodeB,RAN,ZTE,ZTE_SW_4G_4.9,ZTE_4G_Standard,38.702489273497385,-9.150625954592057,Lisboa,2021-12-27,58,ACTIVE
eNB_Lisboa_065,eNodeB,RAN,Nokia,Nokia_SW_4G_3.4,Nokia_4G_Premium,38.72429302730175,-9.149369513082325,Lisboa,2022-11-25,166,ACTIVE
eNB_Lisboa_066,eNodeB,RAN,Ericsson,Ericsson_SW_4G_2.4,Ericsson_4G_Premium,38.691286731378675,-9.13792874050388,Lisboa,2019-07-20,200,ACTIVE
eNB_Lisboa_067,eNodeB,RAN,Nokia,Nokia_SW_4G_4.1,Nokia_4G_Standard,38.701053925725475,-9.129828151387297,Lisboa,2020-06-23,88,ACTIVE
eNB_Lisboa_068,eNodeB,RAN,Huawei,Huawei_SW_4G_2.1,Huawei_4G_Standard,38.70391151531532,-9.10830131189965,Lisboa,2021-09-15,128,ACTIVE
eNB_Lisboa_069,eNodeB,RAN,Huawei,Huawei_SW_4G_4.1,Huawei_4G_Standard,38.70663493415327,-9.145741230324115,Lisboa,2022-04-09,127,ACTIVE
eNB_Lisboa_070,eNodeB,RAN,ZTE,ZTE_SW_4G_3.8,ZTE_4G_Standard,38.73857034434739,-9.16391728632868,Lisboa,2021-02-04,162,ACTIVE
eNB_Lisboa_071,eNodeB,RAN,Ericsson,Ericsson_SW_4G_5.0,Ericsson_4G_Premium,38.72684919869208,-9.113157144914352,Lisboa,2024-02-08,132,ACTIVE
eNB_Lisboa_072,eNodeB,RAN,Huawei,Huawei_SW_4G_1.1,Huawei_4G_Standard,38.69015033530877,-9.135607322829355,Lisboa,2022-03-01,197,ACTIVE
eNB_Lisboa_073,eNodeB,RAN,Ericsson,Ericsson_SW_4G_3.9,Ericsson_4G_Standard,38.72749765588497,-9.123663542564454,Lisboa,2024-05-16,94,ACTIVE
eNB_Lisboa_074,eNodeB,RAN,ZTE,ZTE_SW_4G_5.7,ZTE_4G_Premium,38.69756098578244,-9.165709132261686,Lisboa,2021-03-12,96,ACTIVE
eNB_Lisboa_075,eNodeB,RAN,ZTE,ZTE_SW_4G_4.1,ZTE_4G_Standard,38.73273883131233,-9.133360306535337,Lisboa,2020-03-26,154,ACTIVE
eNB_Lisboa_076,eNodeB,RAN,Huawei,Huawei_SW_4G_3.1,Huawei_4G_Premium,38.727309857006915,-9.132371035810062,Lisboa,2021-09-24,134,ACTIVE
gNB_Lisboa_001,gNodeB,RAN,ZTE,ZTE_SW_5G_4.4,ZTE_5G_Standard,38.71209962917632,-9.135816194542585,Lisboa,2025-04-20,305,ACTIVE
gNB_Lisboa_002,gNodeB,RAN,Ericsson,Ericsson_SW_5G_4.1,Ericsson_5G_Standard,38.72669608709948,-9.150015271270396,Lisboa,2024-11-22,265,ACTIVE
gNB_Lisboa_003,gNodeB,RAN,Ericsson,Ericsson_SW_5G_4.8,Ericsson_5G_Premium,38.75028661766717,-9.132192506186323,Lisboa,2023-11-24,100,ACTIVE
gNB_Lisboa_004,gNodeB,RAN,ZTE,ZTE_SW_5G_4.0,ZTE_5G_Standard,38.70443044754196,-9.129451695870493,Lisboa,2024-08-08,285,ACTIVE
gNB_Lisboa_005,gNodeB,RAN,ZTE,ZTE_SW_5G_4.0,ZTE_5G_Standard,38.707679774946584,-9.127493730943863,Lisboa,2024-11-21,381,ACTIVE
gNB_Lisboa_006,gNodeB,RAN,Nokia,Nokia_SW_5G_3.7,Nokia_5G_Premium,38.739678933685106,-9.151610234775276,Lisboa,2024-02-01,348,ACTIVE
gNB_Lisboa_007,gNodeB,RAN,Ericsson,Ericsson_SW_5G_1.9,Ericsson_5G_Premium,38.73675064193866,-9.133108286095952,Lisboa,2024-05-17,463,ACTIVE
gNB_Lisboa_008,gNodeB,RAN,Nokia,Nokia_SW_5G_3.8,Nokia_5G_Standard,38.734630902399914,-9.11084810526019,Lisboa,2024-03-14,308,ACTIVE
gNB_Lisboa_009,gNodeB,RAN,Ericsson,Ericsson_SW_5G_2.1,Ericsson_5G_Standard,38.71861917825996,-9.150606042465363,Lisboa,2025-01-31,160,ACTIVE
gNB_Lisboa_010,gNodeB,RAN,Nokia,Nokia_SW_5G_4.4,Nokia_5G_Standard,38.70895728355561,-9.151537154274482,Lisboa,2024-09-28,239,ACTIVE
gNB_Lisboa_011,gNodeB,RAN,ZTE,ZTE_SW_5G_4.7,ZTE_5G_Standard,38.72114347435878,-9.134182720377751,Lisboa,2025-02-04,382,ACTIVE
gNB_Lisboa_012,gNodeB,RAN,Nokia,Nokia_SW_5G_4.3,Nokia_5G_Premium,38.72645036198995,-9.12689225126446,Lisboa,2024-10-17,360,ACTIVE
gNB_Lisboa_013,gNodeB,RAN,Nokia,Nokia_SW_5G_1.4,Nokia_5G_Premium,38.72249502837816,-9.11749698884264,Lisboa,2023-11-30,312,ACTIVE
gNB_Lisboa_014,gNodeB,RAN,Huawei,Huawei_SW_5G_5.4,Huawei_5G_Premium,38.718330147501426,-9.098497462501156,Lisboa,2023-12-23,244,ACTIVE
gNB_Lisboa_015,gNodeB,RAN,Huawei,Huawei_SW_5G_5.9,Huawei_5G_Premium,38.731685010216474,-9.152157363346245,Lisboa,2024-09-30,350,ACTIVE
gNB_Lisboa_016,gNodeB,RAN,Nokia,Nokia_SW_5G_4.8,Nokia_5G_Standard,38.70623661252908,-9.132062913771353,Lisboa,2023-11-06,270,ACTIVE
gNB_Lisboa_017,gNodeB,RAN,ZTE,ZTE_SW_5G_4.5,ZTE_5G_Premium,38.71894805822011,-9.12858999258862,Lisboa,2024-04-14,457,ACTIVE
gNB_Lisboa_018,gNodeB,RAN,Nokia,Nokia_SW_5G_5.6,Nokia_5G_Standard,38.7293985643686,-9.140392433689854,Lisboa,2023-11-07,497,ACTIVE
gNB_Lisboa_019,gNodeB,RAN,ZTE,ZTE_SW_5G_1.5,ZTE_5G_Premium,38.70959809422897,-9.162022708370289,Lisboa,2024-05-14,461,ACTIVE
gNB_Lisboa_020,gNodeB,RAN,ZTE,ZTE_SW_5G_4.2,ZTE_5G_Standard,38.71560227571899,-9.126454018085148,Lisboa,2024-06-21,118,ACTIVE
gNB_Lisboa_021,gNodeB,RAN,Nokia,Nokia_SW_5G_5.9,Nokia_5G_Standard,38.72551140616195,-9.157986081680681,Lisboa,2024-11-14,151,ACTIVE
gNB_Lisboa_022,gNodeB,RAN,ZTE,ZTE_SW_5G_1.8,ZTE_5G_Premium,38.72489771388776,-9.133520239304067,Lisboa,2025-02-05,107,ACTIVE
gNB_Lisboa_023,gNodeB,RAN,Nokia,Nokia_SW_5G_4.2,Nokia_5G_Standard,38.70904213845698,-9.136994123410817,Lisboa,2024-01-22,500,ACTIVE
gNB_Lisboa_024,gNodeB,RAN,Huawei,Huawei_SW_5G_3.9,Huawei_5G_Standard,38.723173130776686,-9.156444554467459,Lisboa,2024-02-07,432,ACTIVE
gNB_Lisboa_025,gNodeB,RAN,Ericsson,Ericsson_SW_5G_3.8,Ericsson_5G_Standard,38.727666810405225,-9.130888232104477,Lisboa,2025-03-25,262,ACTIVE
gNB_Lisboa_026,gNodeB,RAN,ZTE,ZTE_SW_5G_5.0,ZTE_5G_Standard,38.738545768647626,-9.123492969219477,Lisboa,2025-05-09,220,ACTIVE
gNB_Lisboa_027,gNodeB,RAN,Huawei,Huawei_SW_5G_2.1,Huawei_5G_Standard,38.70163495948064,-9.153367375598727,Lisboa,2025-03-06,150,ACTIVE
gNB_Lisboa_028,gNodeB,RAN,Ericsson,Ericsson_SW_5G_4.2,Ericsson_5G_Standard,38.730025529008124,-9.131593210736318,Lisboa,2025-01-21,114,ACTIVE
gNB_Lisboa_029,gNodeB,RAN,Ericsson,Ericsson_SW_5G_3.0,Ericsson_5G_Standard,38.73002571529459,-9.08150902764018,Lisboa,2025-01-14,291,ACTIVE
gNB_Lisboa_030,gNodeB,RAN,ZTE,ZTE_SW_5G_2.3,ZTE_5G_Standard,38.7308633576604,-9.12226651539729,Lisboa,2024-04-20,389,ACTIVE
gNB_Lisboa_031,gNodeB,RAN,Nokia,Nokia_SW_5G_2.2,Nokia_5G_Standard,38.7366100264524,-9.129529131230413,Lisboa,2023-10-25,295,ACTIVE
gNB_Lisboa_032,gNodeB,RAN,Nokia,Nokia_SW_5G_4.9,Nokia_5G_Standard,38.717570961330395,-9.127915461692602,Lisboa,2025-04-22,336,ACTIVE
eNB_Porto_001,eNodeB,RAN,Huawei,Huawei_SW_4G_4.4,Huawei_4G_Standard,41.142443495709244,-8.6338363721348,Norte,2020-06-01,169,ACTIVE
eNB_Porto_002,eNodeB,RAN,Huawei,Huawei_SW_4G_5.2,Huawei_4G_Standard,41.148192729043416,-8.627462517212273,Norte,2020-06-14,138,ACTIVE
eNB_Porto_003,eNodeB,RAN,Huawei,Huawei_SW_4G_4.4,Huawei_4G_Standard,41.204193171333465,-8.666445303851834,Norte,2019-06-26,127,ACTIVE
eNB_Porto_004,eNodeB,RAN,Nokia,Nokia_SW_4G_4.7,Nokia_4G_Standard,41.17162520380749,-8.661354317423793,Norte,2018-10-19,147,ACTIVE
eNB_Porto_005,eNodeB,RAN,Huawei,Huawei_SW_4G_5.4,Huawei_4G_Premium,41.14846136268421,-8.607320988060652,Norte,2021-11-30,125,ACTIVE
eNB_Porto_006,eNodeB,RAN,Ericsson,Ericsson_SW_4G_4.4,Ericsson_4G_Standard,41.15918560038191,-8.650654895558585,Norte,2024-08-08,62,ACTIVE
eNB_Porto_007,eNodeB,RAN,ZTE,ZTE_SW_4G_3.3,ZTE_4G_Standard,41.1435939258148,-8.615508045021306,Norte,2023-06-13,140,ACTIVE
eNB_Porto_008,eNodeB,RAN,Nokia,Nokia_SW_4G_2.9,Nokia_4G_Standard,41.14329266736566,-8.62477082820836,Norte,2021-09-28,85,ACTIVE
eNB_Porto_009,eNodeB,RAN,Ericsson,Ericsson_SW_4G_1.4,Ericsson_4G_Premium,41.158811436798075,-8.642132006952115,Norte,2020-12-01,58,ACTIVE
eNB_Porto_010,eNodeB,RAN,Huawei,Huawei_SW_4G_2.1,Huawei_4G_Premium,41.200778881786505,-8.61642161955364,Norte,2023-06-26,133,ACTIVE
eNB_Porto_011,eNodeB,RAN,ZTE,ZTE_SW_4G_2.3,ZTE_4G_Standard,41.117397148266846,-8.62537091370461,Norte,2021-06-10,188,ACTIVE
eNB_Porto_012,eNodeB,RAN,Huawei,Huawei_SW_4G_5.8,Huawei_4G_Premium,41.14466427070463,-8.612051333304075,Norte,2019-11-10,92,ACTIVE
eNB_Porto_013,eNodeB,RAN,Huawei,Huawei_SW_4G_4.4,Huawei_4G_Premium,41.14204958523134,-8.631394728829337,Norte,2022-12-17,136,ACTIVE
eNB_Porto_014,eNodeB,RAN,Ericsson,Ericsson_SW_4G_4.1,Ericsson_4G_Standard,41.16799974557961,-8.611784896116596,Norte,2019-08-24,107,ACTIVE
eNB_Porto_015,eNodeB,RAN,ZTE,ZTE_SW_4G_5.5,ZTE_4G_Standard,41.13389407185888,-8.635790024716819,Norte,2024-09-11,151,ACTIVE
eNB_Porto_016,eNodeB,RAN,Ericsson,Ericsson_SW_4G_3.8,Ericsson_4G_Standard,41.148401093776776,-8.642166584651473,Norte,2021-10-12,144,ACTIVE
eNB_Porto_017,eNodeB,RAN,Huawei,Huawei_SW_4G_5.6,Huawei_4G_Premium,41.19320908480562,-8.62100036578078,Norte,2019-02-13,145,ACTIVE
eNB_Porto_018,eNodeB,RAN,Ericsson,Ericsson_SW_4G_2.7,Ericsson_4G_Standard,41.1326823209133,-8.610742761058903,Norte,2022-09-24,193,ACTIVE
eNB_Porto_019,eNodeB,RAN,Huawei,Huawei_SW_4G_5.3,Huawei_4G_Standard,41.20034312394025,-8.608450694788976,Norte,2019-01-15,168,ACTIVE
eNB_Porto_020,eNodeB,RAN,Huawei,Huawei_SW_4G_4.1,Huawei_4G_Standard,41.127512600680916,-8.638784681457324,Norte,2023-07-17,59,ACTIVE
eNB_Porto_021,eNodeB,RAN,Huawei,Huawei_SW_4G_4.1,Huawei_4G_Standard,41.18323822298373,-8.643253389312376,Norte,2021-05-21,187,ACTIVE
eNB_Porto_022,eNodeB,RAN,Nokia,Nokia_SW_4G_4.7,Nokia_4G_Standard,41.16677638856292,-8.613607318931413,Norte,2019-01-15,188,ACTIVE
eNB_Porto_023,eNodeB,RAN,ZTE,ZTE_SW_4G_5.2,ZTE_4G_Premium,41.13936139056844,-8.630290507121236,Norte,2022-07-03,75,ACTIVE
eNB_Porto_024,eNodeB,RAN,ZTE,ZTE_SW_4G_5.6,ZTE_4G_Premium,41.09307465319861,-8.649587752826685,Norte,2023-01-07,121,ACTIVE
eNB_Porto_025,eNodeB,RAN,Ericsson,Ericsson_SW_4G_3.3,Ericsson_4G_Standard,41.15284863697214,-8.654055663639296,Norte,2020-07-16,110,ACTIVE
eNB_Porto_026,eNodeB,RAN,Huawei,Huawei_SW_4G_1.5,Huawei_4G_Standard,41.19054822607863,-8.657702827559213,Norte,2022-12-03,141,ACTIVE
eNB_Porto_027,eNodeB,RAN,Ericsson,Ericsson_SW_4G_4.4,Ericsson_4G_Standard,41.14909911026606,-8.626485188454277,Norte,2018-10-14,81,ACTIVE
eNB_Porto_028,eNodeB,RAN,ZTE,ZTE_SW_4G_1.3,ZTE_4G_Standard,41.18672546578132,-8.657817243023588,Norte,2024-09-22,55,ACTIVE
eNB_Porto_029,eNodeB,RAN,Ericsson,Ericsson_SW_4G_3.3,Ericsson_4G_Premium,41.1811632750431,-8.628895338779607,Norte,2021-02-05,194,ACTIVE
eNB_Porto_030,eNodeB,RAN,Nokia,Nokia_SW_4G_1.8,Nokia_4G_Standard,41.13826982697904,-8.619857930514733,Norte,2019-04-03,105,ACTIVE
eNB_Porto_031,eNodeB,RAN,Nokia,Nokia_SW_4G_3.2,Nokia_4G_Premium,41.16188119391147,-8.641104337543176,Norte,2024-07-07,50,ACTIVE
eNB_Porto_032,eNodeB,RAN,Huawei,Huawei_SW_4G_2.2,Huawei_4G_Standard,41.1592960416998,-8.636806271937235,Norte,2023-06-24,94,ACTIVE
gNB_Porto_001,gNodeB,RAN,Ericsson,Ericsson_SW_5G_1.2,Ericsson_5G_Standard,41.159602760178764,-8.619168039882183,Norte,2024-06-20,221,ACTIVE
gNB_Porto_002,gNodeB,RAN,Huawei,Huawei_SW_5G_1.2,Huawei_5G_Standard,41.18169025224218,-8.647667232482402,Norte,2024-08-16,164,ACTIVE
gNB_Porto_003,gNodeB,RAN,ZTE,ZTE_SW_5G_5.1,ZTE_5G_Premium,41.18989550061984,-8.658381316992838,Norte,2024-10-24,343,ACTIVE
gNB_Porto_004,gNodeB,RAN,ZTE,ZTE_SW_5G_3.8,ZTE_5G_Standard,41.155623223574466,-8.62027524190273,Norte,2025-04-28,331,ACTIVE
gNB_Porto_005,gNodeB,RAN,Nokia,Nokia_SW_5G_5.0,Nokia_5G_Premium,41.16211487801603,-8.638440492797308,Norte,2024-10-23,437,ACTIVE
gNB_Porto_006,gNodeB,RAN,Huawei,Huawei_SW_5G_4.0,Huawei_5G_Standard,41.15477816624464,-8.636495014019882,Norte,2023-11-24,345,ACTIVE
gNB_Porto_007,gNodeB,RAN,ZTE,ZTE_SW_5G_4.1,ZTE_5G_Standard,41.149059528645836,-8.616355968544683,Norte,2025-04-07,327,ACTIVE
gNB_Porto_008,gNodeB,RAN,Ericsson,Ericsson_SW_5G_1.5,Ericsson_5G_Standard,41.16325523228947,-8.639493643928908,Norte,2025-03-31,133,ACTIVE
gNB_Porto_009,gNodeB,RAN,Nokia,Nokia_SW_5G_3.9,Nokia_5G_Standard,41.1713939981315,-8.62449050718685,Norte,2024-02-15,380,ACTIVE
gNB_Porto_010,gNodeB,RAN,Huawei,Huawei_SW_5G_4.9,Huawei_5G_Standard,41.170092931782584,-8.619655567371145,Norte,2025-04-17,332,ACTIVE
gNB_Porto_011,gNodeB,RAN,ZTE,ZTE_SW_5G_1.1,ZTE_5G_Premium,41.14546507483617,-8.637502715602954,Norte,2023-12-29,433,ACTIVE
gNB_Porto_012,gNodeB,RAN,Nokia,Nokia_SW_5G_4.7,Nokia_5G_Premium,41.16910940407685,-8.619944446018497,Norte,2025-02-18,311,ACTIVE
gNB_Porto_013,gNodeB,RAN,Huawei,Huawei_SW_5G_4.6,Huawei_5G_Standard,41.157586476090536,-8.627340089250367,Norte,2025-02-15,148,ACTIVE
gNB_Porto_014,gNodeB,RAN,Huawei,Huawei_SW_5G_4.5,Huawei_5G_Standard,41.17706497343683,-8.637973570832537,Norte,2024-02-26,291,ACTIVE
eNB_Vila Nova de Gaia_001,eNodeB,RAN,Nokia,Nokia_SW_4G_4.1,Nokia_4G_Standard,41.1348419476234,-8.625143853048678,Norte,2022-11-18,71,ACTIVE
eNB_Vila Nova de Gaia_002,eNodeB,RAN,Ericsson,Ericsson_SW_4G_4.1,Ericsson_4G_Premium,41.11954637593546,-8.599124462960257,Norte,2021-10-05,145,ACTIVE
eNB_Vila Nova de Gaia_003,eNodeB,RAN,Nokia,Nokia_SW_4G_5.0,Nokia_4G_Standard,41.14040832697976,-8.604829807279987,Norte,2018-10-25,193,ACTIVE
eNB_Vila Nova de Gaia_004,eNodeB,RAN,Huawei,Huawei_SW_4G_1.6,Huawei_4G_Standard,41.150009576143084,-8.620679923167344,Norte,2019-12-27,158,ACTIVE
eNB_Vila Nova de Gaia_005,eNodeB,RAN,Ericsson,Ericsson_SW_4G_3.9,Ericsson_4G_Standard,41.1375390594259,-8.627305335131869,Norte,2022-05-11,76,ACTIVE
eNB_Vila Nova de Gaia_006,eNodeB,RAN,Nokia,Nokia_SW_4G_2.7,Nokia_4G_Standard,41.13038332704977,-8.623702861087354,Norte,2022-06-24,77,ACTIVE
eNB_Vila Nova de Gaia_007,eNodeB,RAN,Huawei,Huawei_SW_4G_5.5,Huawei_4G_Standard,41.12583991929986,-8.609196859491261,Norte,2021-03-28,121,ACTIVE
eNB_Vila Nova de Gaia_008,eNodeB,RAN,Nokia,Nokia_SW_4G_4.8,Nokia_4G_Premium,41.10753558633533,-8.57925225448629,Norte,2020-04-04,192,ACTIVE
eNB_Vila Nova de Gaia_009,eNodeB,RAN,Ericsson,Ericsson_SW_4G_5.4,Ericsson_4G_Standard,41.10377965237001,-8.645383772255755,Norte,2020-07-18,119,ACTIVE
eNB_Vila Nova de Gaia_010,eNodeB,RAN,Huawei,Huawei_SW_4G_3.5,Huawei_4G_Standard,41.14706221747,-8.60526674612074,Norte,2019-10-27,86,ACTIVE
eNB_Vila Nova de Gaia_011,eNodeB,RAN,ZTE,ZTE_SW_4G_1.2,ZTE_4G_Premium,41.13638239634104,-8.608533089814715,Norte,2018-12-06,57,ACTIVE
eNB_Vila Nova de Gaia_012,eNodeB,RAN,Ericsson,Ericsson_SW_4G_5.3,Ericsson_4G_Standard,41.12365506454306,-8.639045087429716,Norte,2019-09-02,166,ACTIVE
eNB_Vila Nova de Gaia_013,eNodeB,RAN,Huawei,Huawei_SW_4G_2.5,Huawei_4G_Standard,41.12541609116387,-8.634643234230243,Norte,2023-05-18,133,ACTIVE
eNB_Vila Nova de Gaia_014,eNodeB,RAN,Ericsson,Ericsson_SW_4G_1.2,Ericsson_4G_Standard,41.14340239466836,-8.624041147630043,Norte,2021-12-14,62,ACTIVE
eNB_Vila Nova de Gaia_015,eNodeB,RAN,Ericsson,Ericsson_SW_4G_3.7,Ericsson_4G_Standard,41.10739005606415,-8.62752771683306,Norte,2022-03-19,174,ACTIVE
eNB_Vila Nova de Gaia_016,eNodeB,RAN,ZTE,ZTE_SW_4G_4.4,ZTE_4G_Standard,41.13215862908551,-8.63237449105608,Norte,2024-01-06,181,ACTIVE
eNB_Vila Nova de Gaia_017,eNodeB,RAN,Ericsson,Ericsson_SW_4G_3.6,Ericsson_4G_Standard,41.10745559208867,-8.616226255770162,Norte,2020-12-10,174,ACTIVE
eNB_Vila Nova de Gaia_018,eNodeB,RAN,Huawei,Huawei_SW_4G_1.3,Huawei_4G_Standard,41.12879933142217,-8.631238863507424,Norte,2024-06-30,64,ACTIVE
eNB_Vila Nova de Gaia_019,eNodeB,RAN,Ericsson,Ericsson_SW_4G_2.4,Ericsson_4G_Premium,41.114479233887636,-8.616459001252847,Norte,2022-02-25,85,ACTIVE
eNB_Vila Nova de Gaia_020,eNodeB,RAN,Huawei,Huawei_SW_4G_3.5,Huawei_4G_Standard,41.094938313170054,-8.64924927548753,Norte,2022-04-06,177,ACTIVE
eNB_Vila Nova de Gaia_021,eNodeB,RAN,ZTE,ZTE_SW_4G_2.2,ZTE_4G_Standard,41.10953111557495,-8.625368943034237,Norte,2024-08-26,108,ACTIVE
eNB_Vila Nova de Gaia_022,eNodeB,RAN,Huawei,Huawei_SW_4G_1.6,Huawei_4G_Premium,41.13011815131196,-8.591592875661009,Norte,2023-12-09,60,ACTIVE
eNB_Vila Nova de Gaia_023,eNodeB,RAN,ZTE,ZTE_SW_4G_1.7,ZTE_4G_Premium,41.14105319246404,-8.62429877059927,Norte,2024-01-27,130,ACTIVE
eNB_Vila Nova de Gaia_024,eNodeB,RAN,ZTE,ZTE_SW_4G_5.6,ZTE_4G_Premium,41.12351967584195,-8.641150587292756,Norte,2022-03-02,156,ACTIVE
eNB_Vila Nova de Gaia_025,eNodeB,RAN,Huawei,Huawei_SW_4G_1.6,Huawei_4G_Standard,41.12352973728015,-8.626873172778403,Norte,2023-12-23,133,ACTIVE
eNB_Vila Nova de Gaia_026,eNodeB,RAN,Nokia,Nokia_SW_4G_5.7,Nokia_4G_Premium,41.130354371206764,-8.637644618871047,Norte,2024-05-19,142,ACTIVE
eNB_Vila Nova de Gaia_027,eNodeB,RAN,Ericsson,Ericsson_SW_4G_4.1,Ericsson_4G_Standard,41.13428693028482,-8.590445221739948,Norte,2021-01-10,200,ACTIVE
eNB_Vila Nova de Gaia_028,eNodeB,RAN,ZTE,ZTE_SW_4G_5.1,ZTE_4G_Standard,41.121724797030865,-8.613065765558021,Norte,2023-12-09,129,ACTIVE
eNB_Vila Nova de Gaia_029,eNodeB,RAN,Huawei,Huawei_SW_4G_2.5,Huawei_4G_Premium,41.13770287983422,-8.629124409437717,Norte,2018-12-20,69,ACTIVE
eNB_Vila Nova de Gaia_030,eNodeB,RAN,Ericsson,Ericsson_SW_4G_5.8,Ericsson_4G_Standard,41.128381849636206,-8.620848151984365,Norte,2022-01-24,139,ACTIVE
eNB_Vila Nova de Gaia_031,eNodeB,RAN,Huawei,Huawei_SW_4G_2.3,Huawei_4G_Standard,41.125853521970974,-8.63656019567711,Norte,2021-08-11,115,ACTIVE
eNB_Vila Nova de Gaia_032,eNodeB,RAN,Nokia,Nokia_SW_4G_2.9,Nokia_4G_Standard,41.12439020348518,-8.611140034175092,Norte,2019-04-16,69,ACTIVE
eNB_Vila Nova de Gaia_033,eNodeB,RAN,Nokia,Nokia_SW_4G_4.7,Nokia_4G_Premium,41.1529228721559,-8.601914583478296,Norte,2022-05-01,198,ACTIVE
eNB_Vila Nova de Gaia_034,eNodeB,RAN,ZTE,ZTE_SW_4G_5.9,ZTE_4G_Standard,41.16696364915023,-8.636446951257762,Norte,2023-04-02,130,ACTIVE
eNB_Vila Nova de Gaia_035,eNodeB,RAN,Nokia,Nokia_SW_4G_4.1,Nokia_4G_Standard,41.141346412734414,-8.617433159885232,Norte,2019-06-07,127,ACTIVE
eNB_Vila Nova de Gaia_036,eNodeB,RAN,Huawei,Huawei_SW_4G_5.0,Huawei_4G_Standard,41.167696058664355,-8.637265965707103,Norte,2022-01-03,68,ACTIVE
eNB_Vila Nova de Gaia_037,eNodeB,RAN,Huawei,Huawei_SW_4G_4.7,Huawei_4G_Standard,41.10710556315638,-8.633087852908881,Norte,2019-06-06,144,ACTIVE
eNB_Vila Nova de Gaia_038,eNodeB,RAN,Huawei,Huawei_SW_4G_1.1,Huawei_4G_Standard,41.0814220855138,-8.631615100433615,Norte,2020-03-02,179,ACTIVE
eNB_Vila Nova de Gaia_039,eNodeB,RAN,ZTE,ZTE_SW_4G_4.9,ZTE_4G_Standard,41.10871734676893,-8.618092124270476,Norte,2022-08-07,60,ACTIVE
eNB_Vila Nova de Gaia_040,eNodeB,RAN,ZTE,ZTE_SW_4G_5.3,ZTE_4G_Standard,41.13073511951554,-8.583576583215683,Norte,2023-09-04,171,ACTIVE
eNB_Vila Nova de Gaia_041,eNodeB,RAN,Nokia,Nokia_SW_4G_1.7,Nokia_4G_Standard,41.14290847676372,-8.632638073113249,Norte,2023-08-24,137,ACTIVE
eNB_Vila Nova de Gaia_042,eNodeB,RAN,Ericsson,Ericsson_SW_4G_5.2,Ericsson_4G_Standard,41.10593170657303,-8.61126161656987,Norte,2019-11-25,162,ACTIVE
gNB_Vila Nova de Gaia_001,gNodeB,RAN,ZTE,ZTE_SW_5G_5.8,ZTE_5G_Standard,41.10409650189469,-8.593628118512186,Norte,2024-06-29,286,ACTIVE
gNB_Vila Nova de Gaia_002,gNodeB,RAN,Huawei,Huawei_SW_5G_3.6,Huawei_5G_Standard,41.141591601810816,-8.62813763478157,Norte,2024-04-19,273,ACTIVE
gNB_Vila Nova de Gaia_003,gNodeB,RAN,Ericsson,Ericsson_SW_5G_3.1,Ericsson_5G_Standard,41.09820298206363,-8.60079191438752,Norte,2024-05-02,385,ACTIVE
gNB_Vila Nova de Gaia_004,gNodeB,RAN,ZTE,ZTE_SW_5G_3.4,ZTE_5G_Premium,41.12218190232121,-8.602532755320398,Norte,2024-03-05,436,ACTIVE
gNB_Vila Nova de Gaia_005,gNodeB,RAN,Nokia,Nokia_SW_5G_3.1,Nokia_5G_Standard,41.09998358511808,-8.630090625344307,Norte,2025-05-02,172,ACTIVE
gNB_Vila Nova de Gaia_006,gNodeB,RAN,Huawei,Huawei_SW_5G_3.6,Huawei_5G_Standard,41.12397865549577,-8.620395291093528,Norte,2025-03-18,462,ACTIVE
gNB_Vila Nova de Gaia_007,gNodeB,RAN,Ericsson,Ericsson_SW_5G_3.8,Ericsson_5G_Standard,41.11714901792781,-8.611757251014788,Norte,2025-04-25,268,ACTIVE
gNB_Vila Nova de Gaia_008,gNodeB,RAN,Nokia,Nokia_SW_5G_5.1,Nokia_5G_Standard,41.10788569355926,-8.623235692275319,Norte,2024-05-10,316,ACTIVE
gNB_Vila Nova de Gaia_009,gNodeB,RAN,Huawei,Huawei_SW_5G_1.5,Huawei_5G_Standard,41.12570443447568,-8.61338341748912,Norte,2024-07-14,209,ACTIVE
gNB_Vila Nova de Gaia_010,gNodeB,RAN,Huawei,Huawei_SW_5G_4.3,Huawei_5G_Standard,41.134574223171334,-8.637969631377569,Norte,2025-03-07,170,ACTIVE
gNB_Vila Nova de Gaia_011,gNodeB,RAN,Nokia,Nokia_SW_5G_1.4,Nokia_5G_Premium,41.10088828743896,-8.601934847671522,Norte,2024-10-15,151,ACTIVE
gNB_Vila Nova de Gaia_012,gNodeB,RAN,Ericsson,Ericsson_SW_5G_3.9,Ericsson_5G_Standard,41.12888471017969,-8.632327298048349,Norte,2024-12-12,292,ACTIVE
gNB_Vila Nova de Gaia_013,gNodeB,RAN,Nokia,Nokia_SW_5G_2.2,Nokia_5G_Premium,41.14716727963284,-8.619364880485607,Norte,2024-12-14,494,ACTIVE
gNB_Vila Nova de Gaia_014,gNodeB,RAN,Nokia,Nokia_SW_5G_4.0,Nokia_5G_Standard,41.14158945776096,-8.62008722277885,Norte,2023-12-25,446,ACTIVE
gNB_Vila Nova de Gaia_015,gNodeB,RAN,Nokia,Nokia_SW_5G_4.9,Nokia_5G_Standard,41.15481121887323,-8.594769887363352,Norte,2024-03-24,483,ACTIVE
gNB_Vila Nova de Gaia_016,gNodeB,RAN,ZTE,ZTE_SW_5G_2.8,ZTE_5G_Standard,41.12016553777281,-8.606526435735685,Norte,2025-02-03,340,ACTIVE
gNB_Vila Nova de Gaia_017,gNodeB,RAN,Nokia,Nokia_SW_5G_3.9,Nokia_5G_Premium,41.133580639243775,-8.600570526637014,Norte,2024-04-20,336,ACTIVE
gNB_Vila Nova de Gaia_018,gNodeB,RAN,Huawei,Huawei_SW_5G_4.8,Huawei_5G_Standard,41.109426148091295,-8.610809228100024,Norte,2024-12-21,182,ACTIVE
eNB_Amadora_001,eNodeB,RAN,Nokia,Nokia_SW_4G_5.2,Nokia_4G_Premium,38.77476848973699,-9.265374789728462,Lisboa,2021-08-11,63,ACTIVE
eNB_Amadora_002,eNodeB,RAN,ZTE,ZTE_SW_4G_3.8,ZTE_4G_Premium,38.72993482974668,-9.270984643555202,Lisboa,2019-07-19,182,ACTIVE
eNB_Amadora_003,eNodeB,RAN,Ericsson,Ericsson_SW_4G_3.1,Ericsson_4G_Premium,38.748211863311106,-9.215849154884081,Lisboa,2021-12-06,119,ACTIVE
eNB_Amadora_004,eNodeB,RAN,ZTE,ZTE_SW_4G_5.2,ZTE_4G_Premium,38.78364714104192,-9.228718104391605,Lisboa,2023-11-21,73,ACTIVE
eNB_Amadora_005,eNodeB,RAN,Nokia,Nokia_SW_4G_4.5,Nokia_4G_Premium,38.786172310911425,-9.257802029164298,Lisboa,2019-10-06,156,ACTIVE
eNB_Amadora_006,eNodeB,RAN,Ericsson,Ericsson_SW_4G_4.8,Ericsson_4G_Standard,38.7195323512129,-9.231310953977932,Lisboa,2023-08-20,148,ACTIVE
eNB_Amadora_007,eNodeB,RAN,Ericsson,Ericsson_SW_4G_3.3,Ericsson_4G_Standard,38.76128130897879,-9.230853894961882,Lisboa,2024-03-01,75,ACTIVE
eNB_Amadora_008,eNodeB,RAN,Huawei,Huawei_SW_4G_2.2,Huawei_4G_Standard,38.7122511579992,-9.231982400790256,Lisboa,2024-07-26,170,ACTIVE
eNB_Amadora_009,eNodeB,RAN,Nokia,Nokia_SW_4G_4.7,Nokia_4G_Standard,38.7275106099899,-9.2168065490234,Lisboa,2023-09-08,70,ACTIVE
eNB_Amadora_010,eNodeB,RAN,Ericsson,Ericsson_SW_4G_3.3,Ericsson_4G_Premium,38.76093196492194,-9.248997595726546,Lisboa,2022-01-30,190,ACTIVE
eNB_Amadora_011,eNodeB,RAN,ZTE,ZTE_SW_4G_1.4,ZTE_4G_Standard,38.743322661653266,-9.251384270437779,Lisboa,2022-11-13,81,ACTIVE
eNB_Amadora_012,eNodeB,RAN,Ericsson,Ericsson_SW_4G_2.6,Ericsson_4G_Standard,38.752346418054536,-9.211097153589975,Lisboa,2020-03-05,167,ACTIVE
eNB_Amadora_013,eNodeB,RAN,Ericsson,Ericsson_SW_4G_1.7,Ericsson_4G_Standard,38.73388547907329,-9.220119069689643,Lisboa,2019-04-15,54,ACTIVE
eNB_Amadora_014,eNodeB,RAN,Nokia,Nokia_SW_4G_2.4,Nokia_4G_Standard,38.74299484763255,-9.246057456645246,Lisboa,2019-05-03,140,ACTIVE
eNB_Amadora_015,eNodeB,RAN,Nokia,Nokia_SW_4G_5.6,Nokia_4G_Standard,38.75145939280091,-9.250904846448387,Lisboa,2022-05-03,71,ACTIVE
eNB_Amadora_016,eNodeB,RAN,Huawei,Huawei_SW_4G_1.8,Huawei_4G_Standard,38.74252701389305,-9.254157557851777,Lisboa,2020-03-27,179,ACTIVE
eNB_Amadora_017,eNodeB,RAN,Ericsson,Ericsson_SW_4G_4.7,Ericsson_4G_Standard,38.79289450265833,-9.229494728960566,Lisboa,2024-01-28,149,ACTIVE
eNB_Amadora_018,eNodeB,RAN,Huawei,Huawei_SW_4G_3.0,Huawei_4G_Standard,38.739605489840145,-9.225920401785315,Lisboa,2022-11-20,67,ACTIVE
eNB_Amadora_019,eNodeB,RAN,Huawei,Huawei_SW_4G_2.1,Huawei_4G_Premium,38.75135343900618,-9.234619391990664,Lisboa,2020-06-25,135,ACTIVE
eNB_Amadora_020,eNodeB,RAN,Nokia,Nokia_SW_4G_1.5,Nokia_4G_Standard,38.76588333400087,-9.215049845799054,Lisboa,2024-09-16,94,ACTIVE
eNB_Amadora_021,eNodeB,RAN,ZTE,ZTE_SW_4G_4.2,ZTE_4G_Premium,38.74298997704779,-9.241716364812893,Lisboa,2020-05-09,66,ACTIVE
eNB_Amadora_022,eNodeB,RAN,ZTE,ZTE_SW_4G_1.4,ZTE_4G_Standard,38.748098966056965,-9.276238423294712,Lisboa,2021-10-04,101,ACTIVE
eNB_Amadora_023,eNodeB,RAN,Ericsson,Ericsson_SW_4G_3.4,Ericsson_4G_Standard,38.72329617875603,-9.202862514651109,Lisboa,2019-08-19,189,ACTIVE
eNB_Amadora_024,eNodeB,RAN,ZTE,ZTE_SW_4G_3.0,ZTE_4G_Premium,38.78649935427003,-9.235180720791128,Lisboa,2021-07-14,98,ACTIVE
gNB_Amadora_001,gNodeB,RAN,Huawei,Huawei_SW_5G_3.0,Huawei_5G_Premium,38.76224835444584,-9.225531247681847,Lisboa,2024-04-19,269,ACTIVE
gNB_Amadora_002,gNodeB,RAN,Huawei,Huawei_SW_5G_1.5,Huawei_5G_Standard,38.799783212126826,-9.213406376328482,Lisboa,2023-12-05,304,ACTIVE
gNB_Amadora_003,gNodeB,RAN,ZTE,ZTE_SW_5G_4.5,ZTE_5G_Premium,38.75168123612779,-9.244533106609007,Lisboa,2024-02-14,354,ACTIVE
gNB_Amadora_004,gNodeB,RAN,ZTE,ZTE_SW_5G_3.8,ZTE_5G_Standard,38.72950330519613,-9.227148045461991,Lisboa,2025-01-19,142,ACTIVE
gNB_Amadora_005,gNodeB,RAN,ZTE,ZTE_SW_5G_1.6,ZTE_5G_Standard,38.74225473882073,-9.251533805643964,Lisboa,2024-12-14,192,ACTIVE
gNB_Amadora_006,gNodeB,RAN,Huawei,Huawei_SW_5G_3.1,Huawei_5G_Standard,38.74390140673636,-9.246423220054217,Lisboa,2024-08-27,438,ACTIVE
gNB_Amadora_007,gNodeB,RAN,Huawei,Huawei_SW_5G_3.7,Huawei_5G_Standard,38.778907124526086,-9.216975403645758,Lisboa,2024-11-16,318,ACTIVE
gNB_Amadora_008,gNodeB,RAN,Nokia,Nokia_SW_5G_4.5,Nokia_5G_Standard,38.75348041038025,-9.20800083791665,Lisboa,2025-04-28,472,ACTIVE
gNB_Amadora_009,gNodeB,RAN,Huawei,Huawei_SW_5G_5.6,Huawei_5G_Standard,38.75476052461471,-9.243119263019924,Lisboa,2023-11-11,129,ACTIVE
gNB_Amadora_010,gNodeB,RAN,Ericsson,Ericsson_SW_5G_4.5,Ericsson_5G_Standard,38.776446861159044,-9.22211634934473,Lisboa,2023-12-19,483,ACTIVE
eNB_Braga_001,eNodeB,RAN,Nokia,Nokia_SW_4G_1.2,Nokia_4G_Premium,41.53105507691347,-8.426706773561673,Norte,2024-01-19,162,ACTIVE
eNB_Braga_002,eNodeB,RAN,Ericsson,Ericsson_SW_4G_2.1,Ericsson_4G_Standard,41.534287634932305,-8.450555994619288,Norte,2021-03-20,143,ACTIVE
eNB_Braga_003,eNodeB,RAN,Huawei,Huawei_SW_4G_4.9,Huawei_4G_Standard,41.57032355095063,-8.384711667190597,Norte,2024-02-03,89,ACTIVE
eNB_Braga_004,eNodeB,RAN,ZTE,ZTE_SW_4G_3.5,ZTE_4G_Standard,41.52382864852362,-8.411640615266188,Norte,2024-03-03,69,ACTIVE
eNB_Braga_005,eNodeB,RAN,Nokia,Nokia_SW_4G_5.5,Nokia_4G_Standard,41.538787148617565,-8.432642507675293,Norte,2019-05-22,121,ACTIVE
eNB_Braga_006,eNodeB,RAN,Nokia,Nokia_SW_4G_1.0,Nokia_4G_Premium,41.53995212151522,-8.440179815393597,Norte,2019-02-04,177,ACTIVE
eNB_Braga_007,eNodeB,RAN,ZTE,ZTE_SW_4G_5.1,ZTE_4G_Standard,41.552770432558894,-8.439519002328222,Norte,2018-10-11,116,ACTIVE
eNB_Braga_008,eNodeB,RAN,ZTE,ZTE_SW_4G_2.9,ZTE_4G_Standard,41.557209136515596,-8.423904762188982,Norte,2022-12-20,175,ACTIVE
eNB_Braga_009,eNodeB,RAN,Nokia,Nokia_SW_4G_1.2,Nokia_4G_Premium,41.54702103906267,-8.441051273240832,Norte,2024-02-05,165,ACTIVE
eNB_Braga_010,eNodeB,RAN,Nokia,Nokia_SW_4G_4.1,Nokia_4G_Premium,41.54026457338863,-8.407792175483484,Norte,2019-01-14,131,ACTIVE
eNB_Braga_011,eNodeB,RAN,Huawei,Huawei_SW_4G_1.8,Huawei_4G_Standard,41.561818343752485,-8.442451104895971,Norte,2023-11-01,126,ACTIVE
eNB_Braga_012,eNodeB,RAN,Nokia,Nokia_SW_4G_2.5,Nokia_4G_Standard,41.553786646108584,-8.407872257532565,Norte,2022-08-25,81,ACTIVE
eNB_Braga_013,eNodeB,RAN,Nokia,Nokia_SW_4G_2.3,Nokia_4G_Premium,41.51841189437757,-8.4120327961524,Norte,2023-12-19,56,ACTIVE
eNB_Braga_014,eNodeB,RAN,Huawei,Huawei_SW_4G_5.9,Huawei_4G_Standard,41.538547524821084,-8.411488026628136,Norte,2023-12-21,191,ACTIVE
eNB_Braga_015,eNodeB,RAN,Nokia,Nokia_SW_4G_5.1,Nokia_4G_Standard,41.53653481686915,-8.45899764201329,Norte,2022-02-04,151,ACTIVE
eNB_Braga_016,eNodeB,RAN,ZTE,ZTE_SW_4G_5.6,ZTE_4G_Premium,41.519249151242335,-8.421938301066772,Norte,2020-03-16,197,ACTIVE
eNB_Braga_017,eNodeB,RAN,Ericsson,Ericsson_SW_4G_2.5,Ericsson_4G_Standard,41.55699445003443,-8.440986332502089,Norte,2023-05-22,165,ACTIVE
eNB_Braga_018,eNodeB,RAN,ZTE,ZTE_SW_4G_5.5,ZTE_4G_Standard,41.56457184917555,-8.45613040124538,Norte,2021-12-21,191,ACTIVE
eNB_Braga_019,eNodeB,RAN,Nokia,Nokia_SW_4G_2.6,Nokia_4G_Standard,41.550478404027054,-8.44712032399525,Norte,2024-04-15,64,ACTIVE
eNB_Braga_020,eNodeB,RAN,Ericsson,Ericsson_SW_4G_5.2,Ericsson_4G_Standard,41.538763277843955,-8.421952026573672,Norte,2023-10-25,91,ACTIVE
eNB_Braga_021,eNodeB,RAN,Huawei,Huawei_SW_4G_2.5,Huawei_4G_Premium,41.534591732694324,-8.430591110884597,Norte,2020-01-12,182,ACTIVE
eNB_Braga_022,eNodeB,RAN,Huawei,Huawei_SW_4G_1.4,Huawei_4G_Standard,41.571925856184286,-8.434437837390464,Norte,2018-11-14,191,ACTIVE
eNB_Braga_023,eNodeB,RAN,Huawei,Huawei_SW_4G_2.4,Huawei_4G_Standard,41.5685138422413,-8.445494137093153,Norte,2021-03-09,73,ACTIVE
eNB_Braga_024,eNodeB,RAN,Nokia,Nokia_SW_4G_5.9,Nokia_4G_Standard,41.562396083558305,-8.394068627586842,Norte,2021-10-22,136,ACTIVE
eNB_Braga_025,eNodeB,RAN,Ericsson,Ericsson_SW_4G_1.1,Ericsson_4G_Standard,41.50236710999746,-8.43883790510941,Norte,2022-06-11,197,ACTIVE
eNB_Braga_026,eNodeB,RAN,Huawei,Huawei_SW_4G_2.9,Huawei_4G_Standard,41.56334144254361,-8.42696090772086,Norte,2021-03-18,57,ACTIVE
gNB_Braga_001,gNodeB,RAN,ZTE,ZTE_SW_5G_5.4,ZTE_5G_Standard,41.55736718810057,-8.431959777800738,Norte,2024-10-25,254,ACTIVE
gNB_Braga_002,gNodeB,RAN,ZTE,ZTE_SW_5G_2.6,ZTE_5G_Standard,41.55309884681209,-8.425235158530882,Norte,2024-09-28,137,ACTIVE
gNB_Braga_003,gNodeB,RAN,Ericsson,Ericsson_SW_5G_2.7,Ericsson_5G_Standard,41.569316730924896,-8.419083687350483,Norte,2024-05-17,337,ACTIVE
gNB_Braga_004,gNodeB,RAN,Nokia,Nokia_SW_5G_3.9,Nokia_5G_Standard,41.55686403993113,-8.429078154491837,Norte,2025-02-12,467,ACTIVE
gNB_Braga_005,gNodeB,RAN,Huawei,Huawei_SW_5G_3.6,Huawei_5G_Standard,41.54448590663891,-8.429388372817295,Norte,2024-08-23,289,ACTIVE
gNB_Braga_006,gNodeB,RAN,Ericsson,Ericsson_SW_5G_3.3,Ericsson_5G_Standard,41.55771678213567,-8.429214767212304,Norte,2024-03-15,236,ACTIVE
gNB_Braga_007,gNodeB,RAN,ZTE,ZTE_SW_5G_2.2,ZTE_5G_Standard,41.55614662285345,-8.391768988020319,Norte,2024-08-07,248,ACTIVE
gNB_Braga_008,gNodeB,RAN,ZTE,ZTE_SW_5G_5.6,ZTE_5G_Standard,41.56486687055148,-8.427790352982518,Norte,2025-04-13,181,ACTIVE
gNB_Braga_009,gNodeB,RAN,Huawei,Huawei_SW_5G_5.5,Huawei_5G_Standard,41.56981820883246,-8.429021130595324,Norte,2025-06-17,181,ACTIVE
gNB_Braga_010,gNodeB,RAN,ZTE,ZTE_SW_5G_5.7,ZTE_5G_Standard,41.52122813197233,-8.438021294663761,Norte,2024-03-14,257,ACTIVE
gNB_Braga_011,gNodeB,RAN,ZTE,ZTE_SW_5G_1.1,ZTE_5G_Premium,41.523738121184614,-8.42817270226062,Norte,2023-09-29,358,ACTIVE
eNB_Almada_001,eNodeB,RAN,ZTE,ZTE_SW_4G_2.3,ZTE_4G_Standard,38.67976836758379,-9.123171253754496,Lisboa,2023-08-12,62,ACTIVE
eNB_Almada_002,eNodeB,RAN,Ericsson,Ericsson_SW_4G_3.7,Ericsson_4G_Standard,38.68593854747528,-9.161082010576179,Lisboa,2023-11-29,170,ACTIVE
eNB_Almada_003,eNodeB,RAN,Huawei,Huawei_SW_4G_5.0,Huawei_4G_Premium,38.69598811162367,-9.200922706180158,Lisboa,2022-05-05,160,ACTIVE
eNB_Almada_004,eNodeB,RAN,Nokia,Nokia_SW_4G_3.5,Nokia_4G_Premium,38.68411229116217,-9.14128269612226,Lisboa,2019-01-22,143,ACTIVE
eNB_Almada_005,eNodeB,RAN,Ericsson,Ericsson_SW_4G_4.0,Ericsson_4G_Standard,38.6498282750844,-9.133824919135861,Lisboa,2021-10-04,99,ACTIVE
eNB_Almada_006,eNodeB,RAN,Huawei,Huawei_SW_4G_5.4,Huawei_4G_Standard,38.68616992814989,-9.165005758278017,Lisboa,2023-04-01,179,ACTIVE
eNB_Almada_007,eNodeB,RAN,ZTE,ZTE_SW_4G_5.4,ZTE_4G_Premium,38.69205563732213,-9.111286142843912,Lisboa,2020-10-26,80,ACTIVE
eNB_Almada_008,eNodeB,RAN,Nokia,Nokia_SW_4G_1.6,Nokia_4G_Standard,38.68303732510117,-9.151735588273993,Lisboa,2023-12-18,136,ACTIVE
eNB_Almada_009,eNodeB,RAN,Huawei,Huawei_SW_4G_2.3,Huawei_4G_Standard,38.670212782009195,-9.173696887389296,Lisboa,2021-12-29,152,ACTIVE
eNB_Almada_010,eNodeB,RAN,Ericsson,Ericsson_SW_4G_1.0,Ericsson_4G_Standard,38.696006716330885,-9.173821676518179,Lisboa,2020-08-03,135,ACTIVE
eNB_Almada_011,eNodeB,RAN,ZTE,ZTE_SW_4G_5.7,ZTE_4G_Standard,38.68083132474439,-9.166253148935303,Lisboa,2021-07-15,181,ACTIVE
eNB_Almada_012,eNodeB,RAN,Nokia,Nokia_SW_4G_3.9,Nokia_4G_Standard,38.688979596514926,-9.150026757894262,Lisboa,2022-12-18,150,ACTIVE
eNB_Almada_013,eNodeB,RAN,Huawei,Huawei_SW_4G_5.5,Huawei_4G_Standard,38.70015079888516,-9.166900327977096,Lisboa,2019-10-27,180,ACTIVE
eNB_Almada_014,eNodeB,RAN,ZTE,ZTE_SW_4G_5.4,ZTE_4G_Standard,38.67400250129413,-9.176275274315646,Lisboa,2021-05-04,54,ACTIVE
eNB_Almada_015,eNodeB,RAN,Huawei,Huawei_SW_4G_3.1,Huawei_4G_Premium,38.67051413479848,-9.149153990139103,Lisboa,2018-10-20,199,ACTIVE
eNB_Almada_016,eNodeB,RAN,Huawei,Huawei_SW_4G_1.9,Huawei_4G_Standard,38.69453977233291,-9.175143306483553,Lisboa,2024-08-23,198,ACTIVE
eNB_Almada_017,eNodeB,RAN,Nokia,Nokia_SW_4G_1.9,Nokia_4G_Standard,38.696792118402115,-9.129587242823902,Lisboa,2021-05-17,184,ACTIVE
eNB_Almada_018,eNodeB,RAN,ZTE,ZTE_SW_4G_2.3,ZTE_4G_Standard,38.68766869806448,-9.119164083748839,Lisboa,2023-07-28,78,ACTIVE
eNB_Almada_019,eNodeB,RAN,Nokia,Nokia_SW_4G_1.7,Nokia_4G_Standard,38.66392421601793,-9.18159309406623,Lisboa,2023-03-24,88,ACTIVE
eNB_Almada_020,eNodeB,RAN,ZTE,ZTE_SW_4G_2.6,ZTE_4G_Standard,38.643825595021916,-9.126779113770217,Lisboa,2021-10-07,170,ACTIVE
eNB_Almada_021,eNodeB,RAN,Ericsson,Ericsson_SW_4G_2.8,Ericsson_4G_Standard,38.69248731312708,-9.15781169341821,Lisboa,2023-06-10,133,ACTIVE
eNB_Almada_022,eNodeB,RAN,ZTE,ZTE_SW_4G_5.6,ZTE_4G_Standard,38.6849993725264,-9.179209780945968,Lisboa,2023-07-14,94,ACTIVE
eNB_Almada_023,eNodeB,RAN,ZTE,ZTE_SW_4G_5.5,ZTE_4G_Standard,38.72831503959234,-9.154115576360496,Lisboa,2022-12-28,117,ACTIVE
gNB_Almada_001,gNodeB,RAN,ZTE,ZTE_SW_5G_2.3,ZTE_5G_Standard,38.68104092191908,-9.14581350064152,Lisboa,2024-09-21,252,ACTIVE
gNB_Almada_002,gNodeB,RAN,Nokia,Nokia_SW_5G_3.4,Nokia_5G_Premium,38.68661513847605,-9.153341739635813,Lisboa,2024-09-11,453,ACTIVE
gNB_Almada_003,gNodeB,RAN,ZTE,ZTE_SW_5G_3.7,ZTE_5G_Standard,38.66754288316832,-9.14962797464296,Lisboa,2023-10-16,469,ACTIVE
gNB_Almada_004,gNodeB,RAN,Huawei,Huawei_SW_5G_3.1,Huawei_5G_Standard,38.70763036744712,-9.136518699307675,Lisboa,2024-11-23,378,ACTIVE
gNB_Almada_005,gNodeB,RAN,ZTE,ZTE_SW_5G_4.5,ZTE_5G_Premium,38.70329779939959,-9.164368235146469,Lisboa,2024-07-10,174,ACTIVE
gNB_Almada_006,gNodeB,RAN,Huawei,Huawei_SW_5G_1.4,Huawei_5G_Premium,38.66455592769612,-9.158586803801496,Lisboa,2024-11-30,140,ACTIVE
gNB_Almada_007,gNodeB,RAN,Huawei,Huawei_SW_5G_4.4,Huawei_5G_Premium,38.68023587368433,-9.140287127222937,Lisboa,2024-09-29,209,ACTIVE
gNB_Almada_008,gNodeB,RAN,Nokia,Nokia_SW_5G_5.4,Nokia_5G_Premium,38.65401303055428,-9.13375674520809,Lisboa,2024-01-26,456,ACTIVE
gNB_Almada_009,gNodeB,RAN,Huawei,Huawei_SW_5G_2.1,Huawei_5G_Standard,38.677029881521314,-9.163103216049212,Lisboa,2024-02-12,400,ACTIVE
gNB_Almada_010,gNodeB,RAN,Nokia,Nokia_SW_5G_2.0,Nokia_5G_Standard,38.6642184343711,-9.181522850077988,Lisboa,2024-10-12,371,ACTIVE
eNB_Coimbra_001,eNodeB,RAN,Nokia,Nokia_SW_4G_2.0,Nokia_4G_Standard,40.21976341167924,-8.408833640656232,Centro,2024-02-29,134,ACTIVE
eNB_Coimbra_002,eNodeB,RAN,ZTE,ZTE_SW_4G_1.2,ZTE_4G_Standard,40.177500782005175,-8.436201575441272,Centro,2023-09-12,190,ACTIVE
eNB_Coimbra_003,eNodeB,RAN,Nokia,Nokia_SW_4G_4.7,Nokia_4G_Standard,40.196584306014195,-8.376919569494211,Centro,2019-12-26,101,ACTIVE
eNB_Coimbra_004,eNodeB,RAN,Huawei,Huawei_SW_4G_3.4,Huawei_4G_Standard,40.198108172972724,-8.440362859062361,Centro,2021-08-18,72,ACTIVE
eNB_Coimbra_005,eNodeB,RAN,Nokia,Nokia_SW_4G_5.0,Nokia_4G_Premium,40.19838513871828,-8.415754471394953,Centro,2024-03-28,94,ACTIVE
eNB_Coimbra_006,eNodeB,RAN,ZTE,ZTE_SW_4G_2.0,ZTE_4G_Premium,40.149362267141164,-8.411385897330355,Centro,2024-09-10,151,ACTIVE
eNB_Coimbra_007,eNodeB,RAN,ZTE,ZTE_SW_4G_2.4,ZTE_4G_Premium,40.19868130939582,-8.39637587270373,Centro,2020-12-28,52,ACTIVE
eNB_Coimbra_008,eNodeB,RAN,Huawei,Huawei_SW_4G_5.9,Huawei_4G_Standard,40.24027912189891,-8.387768699409044,Centro,2023-04-08,135,ACTIVE
eNB_Coimbra_009,eNodeB,RAN,Huawei,Huawei_SW_4G_4.8,Huawei_4G_Standard,40.1979222261889,-8.432430518174833,Centro,2021-10-18,84,ACTIVE
eNB_Coimbra_010,eNodeB,RAN,ZTE,ZTE_SW_4G_3.3,ZTE_4G_Premium,40.254767196064996,-8.40911563131971,Centro,2022-12-03,134,ACTIVE
eNB_Coimbra_011,eNodeB,RAN,Nokia,Nokia_SW_4G_4.4,Nokia_4G_Premium,40.20357858583826,-8.410782501742199,Centro,2019-10-12,53,ACTIVE
eNB_Coimbra_012,eNodeB,RAN,Huawei,Huawei_SW_4G_3.9,Huawei_4G_Standard,40.20726169521536,-8.413187208238478,Centro,2019-12-09,99,ACTIVE
eNB_Coimbra_013,eNodeB,RAN,Nokia,Nokia_SW_4G_5.6,Nokia_4G_Premium,40.191826759862394,-8.421237178824807,Centro,2024-08-16,181,ACTIVE
eNB_Coimbra_014,eNodeB,RAN,Huawei,Huawei_SW_4G_1.6,Huawei_4G_Standard,40.20264493459568,-8.421168495422675,Centro,2023-06-24,97,ACTIVE
eNB_Coimbra_015,eNodeB,RAN,Nokia,Nokia_SW_4G_4.5,Nokia_4G_Premium,40.18904308434646,-8.408171395446162,Centro,2023-11-21,51,ACTIVE
eNB_Coimbra_016,eNodeB,RAN,Huawei,Huawei_SW_4G_4.3,Huawei_4G_Standard,40.19820045565158,-8.380220140228346,Centro,2023-01-23,118,ACTIVE
eNB_Coimbra_017,eNodeB,RAN,Huawei,Huawei_SW_4G_3.9,Huawei_4G_Premium,40.15028060383214,-8.38846986296155,Centro,2024-04-30,52,ACTIVE
eNB_Coimbra_018,eNodeB,RAN,Huawei,Huawei_SW_4G_3.3,Huawei_4G_Standard,40.228221703849954,-8.451767804648162,Centro,2020-08-04,80,ACTIVE
eNB_Coimbra_019,eNodeB,RAN,ZTE,ZTE_SW_4G_3.2,ZTE_4G_Standard,40.19644624811839,-8.417728817319915,Centro,2023-01-27,178,ACTIVE
gNB_Coimbra_001,gNodeB,RAN,Huawei,Huawei_SW_5G_1.4,Huawei_5G_Standard,40.18218732457923,-8.421967250313863,Centro,2024-04-12,213,ACTIVE
gNB_Coimbra_002,gNodeB,RAN,Nokia,Nokia_SW_5G_2.7,Nokia_5G_Standard,40.186641362318014,-8.384015943348645,Centro,2025-02-16,482,ACTIVE
gNB_Coimbra_003,gNodeB,RAN,Huawei,Huawei_SW_5G_4.8,Huawei_5G_Premium,40.21733517589721,-8.391226673575087,Centro,2025-05-15,487,ACTIVE
gNB_Coimbra_004,gNodeB,RAN,Nokia,Nokia_SW_5G_2.9,Nokia_5G_Premium,40.21412508096065,-8.427235776568258,Centro,2024-08-15,141,ACTIVE
gNB_Coimbra_005,gNodeB,RAN,ZTE,ZTE_SW_5G_5.5,ZTE_5G_Standard,40.195432196005804,-8.402959381581582,Centro,2024-06-18,388,ACTIVE
gNB_Coimbra_006,gNodeB,RAN,Ericsson,Ericsson_SW_5G_1.8,Ericsson_5G_Premium,40.18496808286662,-8.399605023547414,Centro,2025-05-17,203,ACTIVE
gNB_Coimbra_007,gNodeB,RAN,Nokia,Nokia_SW_5G_2.5,Nokia_5G_Premium,40.19969511902762,-8.415922312113244,Centro,2024-06-25,326,ACTIVE
gNB_Coimbra_008,gNodeB,RAN,Ericsson,Ericsson_SW_5G_2.9,Ericsson_5G_Standard,40.21396439952305,-8.403636050327709,Centro,2024-11-23,361,ACTIVE
eNB_Faro_001,eNodeB,RAN,ZTE,ZTE_SW_4G_1.7,ZTE_4G_Standard,37.01218067668361,-7.909013403932715,Algarve,2021-12-07,156,ACTIVE
eNB_Faro_002,eNodeB,RAN,ZTE,ZTE_SW_4G_5.0,ZTE_4G_Standard,36.997778733448,-7.919881287861115,Algarve,2023-07-31,128,ACTIVE
eNB_Faro_003,eNodeB,RAN,Ericsson,Ericsson_SW_4G_4.4,Ericsson_4G_Premium,37.031262025159364,-7.93839092878628,Algarve,2020-10-07,105,ACTIVE
eNB_Faro_004,eNodeB,RAN,Ericsson,Ericsson_SW_4G_1.6,Ericsson_4G_Standard,37.02592266044484,-7.957222271527706,Algarve,2020-03-05,66,ACTIVE
eNB_Faro_005,eNodeB,RAN,Ericsson,Ericsson_SW_4G_1.7,Ericsson_4G_Standard,37.03788054038414,-7.9358980427288595,Algarve,2022-12-31,154,ACTIVE
eNB_Faro_006,eNodeB,RAN,Nokia,Nokia_SW_4G_2.6,Nokia_4G_Standard,37.00894553958962,-7.911219815483262,Algarve,2022-01-29,147,ACTIVE
eNB_Faro_007,eNodeB,RAN,ZTE,ZTE_SW_4G_4.6,ZTE_4G_Standard,37.005313126189144,-7.960369225927271,Algarve,2022-11-29,188,ACTIVE
eNB_Faro_008,eNodeB,RAN,Nokia,Nokia_SW_4G_3.1,Nokia_4G_Standard,36.98826741652952,-7.920079800973087,Algarve,2022-09-30,187,ACTIVE
eNB_Faro_009,eNodeB,RAN,ZTE,ZTE_SW_4G_5.2,ZTE_4G_Premium,36.993791412950074,-7.897104116360313,Algarve,2020-02-10,107,ACTIVE
gNB_Faro_001,gNodeB,RAN,Ericsson,Ericsson_SW_5G_1.4,Ericsson_5G_Standard,36.98817105888174,-7.906753154475649,Algarve,2025-06-01,468,ACTIVE
gNB_Faro_002,gNodeB,RAN,ZTE,ZTE_SW_5G_5.6,ZTE_5G_Premium,37.02256526200804,-7.933650696678056,Algarve,2024-12-25,226,ACTIVE
gNB_Faro_003,gNodeB,RAN,ZTE,ZTE_SW_5G_3.2,ZTE_5G_Standard,37.01122621369786,-7.926212958284719,Algarve,2024-07-21,471,ACTIVE
eNB_Aveiro_001,eNodeB,RAN,Ericsson,Ericsson_SW_4G_1.6,Ericsson_4G_Standard,40.64354730595151,-8.62343396235967,Centro,2020-02-12,54,ACTIVE
eNB_Aveiro_002,eNodeB,RAN,Nokia,Nokia_SW_4G_2.1,Nokia_4G_Standard,40.646584552973245,-8.642493964770763,Centro,2021-12-13,58,ACTIVE
eNB_Aveiro_003,eNodeB,RAN,ZTE,ZTE_SW_4G_5.0,ZTE_4G_Standard,40.637027755755724,-8.64663891247442,Centro,2021-09-28,61,ACTIVE
eNB_Aveiro_004,eNodeB,RAN,ZTE,ZTE_SW_4G_4.3,ZTE_4G_Standard,40.65045603537784,-8.679703367853133,Centro,2022-12-12,64,ACTIVE
eNB_Aveiro_005,eNodeB,RAN,Nokia,Nokia_SW_4G_5.4,Nokia_4G_Standard,40.61733629155788,-8.630634718119547,Centro,2023-07-10,197,ACTIVE
eNB_Aveiro_006,eNodeB,RAN,Huawei,Huawei_SW_4G_5.9,Huawei_4G_Premium,40.64771730876256,-8.649179666727054,Centro,2020-06-11,132,ACTIVE
eNB_Aveiro_007,eNodeB,RAN,Nokia,Nokia_SW_4G_3.2,Nokia_4G_Premium,40.64466867866131,-8.638548365892767,Centro,2024-04-19,183,ACTIVE
eNB_Aveiro_008,eNodeB,RAN,Nokia,Nokia_SW_4G_4.4,Nokia_4G_Standard,40.633504806393816,-8.661066094508046,Centro,2019-06-16,192,ACTIVE
eNB_Aveiro_009,eNodeB,RAN,Nokia,Nokia_SW_4G_4.8,Nokia_4G_Standard,40.648216905101954,-8.6650674555523,Centro,2022-03-28,138,ACTIVE
eNB_Aveiro_010,eNodeB,RAN,ZTE,ZTE_SW_4G_5.5,ZTE_4G_Standard,40.65246505511429,-8.679551672084758,Centro,2022-06-30,154,ACTIVE
eNB_Aveiro_011,eNodeB,RAN,Nokia,Nokia_SW_4G_3.6,Nokia_4G_Standard,40.664883112746516,-8.63604805035174,Centro,2019-07-28,187,ACTIVE
gNB_Aveiro_001,gNodeB,RAN,ZTE,ZTE_SW_5G_2.3,ZTE_5G_Standard,40.64814044601471,-8.630759635240818,Centro,2024-07-03,462,ACTIVE
gNB_Aveiro_002,gNodeB,RAN,Nokia,Nokia_SW_5G_4.0,Nokia_5G_Standard,40.66928211666694,-8.630284449024728,Centro,2024-08-18,313,ACTIVE
gNB_Aveiro_003,gNodeB,RAN,Nokia,Nokia_SW_5G_4.3,Nokia_5G_Standard,40.616686886530026,-8.664693654501036,Centro,2024-11-05,269,ACTIVE
gNB_Aveiro_004,gNodeB,RAN,Ericsson,Ericsson_SW_5G_4.5,Ericsson_5G_Standard,40.63492772133456,-8.645108634246837,Centro,2024-11-10,470,ACTIVE
eNB_Ã‰vora_001,eNodeB,RAN,Nokia,Nokia_SW_4G_1.4,Nokia_4G_Standard,38.57675318040938,-7.92141487626307,Alentejo,2024-06-20,60,ACTIVE
eNB_Ã‰vora_002,eNodeB,RAN,Ericsson,Ericsson_SW_4G_2.9,Ericsson_4G_Premium,38.57013533528954,-7.9220076586470665,Alentejo,2022-07-26,193,ACTIVE
eNB_Ã‰vora_003,eNodeB,RAN,Nokia,Nokia_SW_4G_4.3,Nokia_4G_Premium,38.55416964394016,-7.935033221936965,Alentejo,2020-04-06,135,ACTIVE
eNB_Ã‰vora_004,eNodeB,RAN,Huawei,Huawei_SW_4G_1.3,Huawei_4G_Premium,38.54793533507778,-7.933933692112327,Alentejo,2021-01-19,80,ACTIVE
eNB_Ã‰vora_005,eNodeB,RAN,ZTE,ZTE_SW_4G_2.9,ZTE_4G_Premium,38.54688253494046,-7.885827164067844,Alentejo,2021-08-10,151,ACTIVE
eNB_Ã‰vora_006,eNodeB,RAN,Nokia,Nokia_SW_4G_5.5,Nokia_4G_Premium,38.54741202222336,-7.854252358703253,Alentejo,2023-12-15,147,ACTIVE
eNB_Ã‰vora_007,eNodeB,RAN,ZTE,ZTE_SW_4G_5.5,ZTE_4G_Standard,38.57626635801762,-7.903203277526103,Alentejo,2021-08-08,142,ACTIVE
gNB_Ã‰vora_001,gNodeB,RAN,ZTE,ZTE_SW_5G_4.1,ZTE_5G_Premium,38.553524633297286,-7.896395351808866,Alentejo,2024-07-02,469,ACTIVE
gNB_Ã‰vora_002,gNodeB,RAN,ZTE,ZTE_SW_5G_3.3,ZTE_5G_Standard,38.55776543260644,-7.90506985278032,Alentejo,2024-01-22,311,ACTIVE
gNB_Ã‰vora_003,gNodeB,RAN,Ericsson,Ericsson_SW_5G_5.3,Ericsson_5G_Premium,38.604801268074034,-7.90834089849587,Alentejo,2024-05-13,108,ACTIVE
eNB_Viseu_001,eNodeB,RAN,Huawei,Huawei_SW_4G_5.9,Huawei_4G_Standard,40.67958546652571,-7.927863528502518,Centro,2021-01-07,156,ACTIVE
eNB_Viseu_002,eNodeB,RAN,Huawei,Huawei_SW_4G_2.3,Huawei_4G_Standard,40.655900230190056,-7.87838398728729,Centro,2024-06-03,147,ACTIVE
eNB_Viseu_003,eNodeB,RAN,Nokia,Nokia_SW_4G_4.8,Nokia_4G_Standard,40.64406065884424,-7.877551028840061,Centro,2023-06-10,136,ACTIVE
eNB_Viseu_004,eNodeB,RAN,Huawei,Huawei_SW_4G_4.7,Huawei_4G_Standard,40.67075503870911,-7.925049335517886,Centro,2021-10-21,140,ACTIVE
eNB_Viseu_005,eNodeB,RAN,Nokia,Nokia_SW_4G_2.8,Nokia_4G_Standard,40.66924815478111,-7.894348911007466,Centro,2022-09-24,188,ACTIVE
eNB_Viseu_006,eNodeB,RAN,Ericsson,Ericsson_SW_4G_5.0,Ericsson_4G_Premium,40.66903619924434,-7.945204494397809,Centro,2021-10-03,69,ACTIVE
eNB_Viseu_007,eNodeB,RAN,Ericsson,Ericsson_SW_4G_1.6,Ericsson_4G_Standard,40.6420572564835,-7.91875037271103,Centro,2024-04-21,109,ACTIVE
eNB_Viseu_008,eNodeB,RAN,Ericsson,Ericsson_SW_4G_2.0,Ericsson_4G_Standard,40.655111331418,-7.901386558048987,Centro,2023-07-08,166,ACTIVE
eNB_Viseu_009,eNodeB,RAN,Huawei,Huawei_SW_4G_1.9,Huawei_4G_Standard,40.66015402001866,-7.940506887174203,Centro,2019-11-11,173,ACTIVE
eNB_Viseu_010,eNodeB,RAN,ZTE,ZTE_SW_4G_1.0,ZTE_4G_Standard,40.66420395702011,-7.9015882850943235,Centro,2020-11-09,155,ACTIVE
eNB_Viseu_011,eNodeB,RAN,Ericsson,Ericsson_SW_4G_1.8,Ericsson_4G_Premium,40.667795808958616,-7.892184385488908,Centro,2021-03-20,187,ACTIVE
eNB_Viseu_012,eNodeB,RAN,Huawei,Huawei_SW_4G_1.8,Huawei_4G_Premium,40.67327844309098,-7.904616398415431,Centro,2019-11-03,160,ACTIVE
eNB_Viseu_013,eNodeB,RAN,Nokia,Nokia_SW_4G_1.1,Nokia_4G_Standard,40.655196685770825,-7.94701921867032,Centro,2018-12-31,111,ACTIVE
eNB_Viseu_014,eNodeB,RAN,Nokia,Nokia_SW_4G_5.8,Nokia_4G_Standard,40.66519236438265,-7.909646246256738,Centro,2023-06-09,140,ACTIVE
gNB_Viseu_001,gNodeB,RAN,Huawei,Huawei_SW_5G_4.1,Huawei_5G_Standard,40.66067368255793,-7.932951228637305,Centro,2024-05-28,307,ACTIVE
gNB_Viseu_002,gNodeB,RAN,ZTE,ZTE_SW_5G_5.3,ZTE_5G_Premium,40.640384151893876,-7.898002707200007,Centro,2023-11-14,215,ACTIVE
gNB_Viseu_003,gNodeB,RAN,Huawei,Huawei_SW_5G_1.0,Huawei_5G_Standard,40.65600667269215,-7.903577489539411,Centro,2024-12-14,294,ACTIVE
gNB_Viseu_004,gNodeB,RAN,ZTE,ZTE_SW_5G_5.7,ZTE_5G_Standard,40.65702477564196,-7.913353657907564,Centro,2024-10-09,104,ACTIVE
gNB_Viseu_005,gNodeB,RAN,Nokia,Nokia_SW_5G_1.7,Nokia_5G_Premium,40.67067425708964,-7.921540670923261,Centro,2025-05-12,430,ACTIVE
gNB_Viseu_006,gNodeB,RAN,Huawei,Huawei_SW_5G_5.1,Huawei_5G_Premium,40.658041811654115,-7.920734129330576,Centro,2024-04-06,121,ACTIVE
eNB_Guarda_001,eNodeB,RAN,Nokia,Nokia_SW_4G_2.9,Nokia_4G_Standard,40.52771007545135,-7.274483442469373,Centro,2024-09-18,61,ACTIVE
eNB_Guarda_002,eNodeB,RAN,Ericsson,Ericsson_SW_4G_3.8,Ericsson_4G_Standard,40.54084267543267,-7.27787497243327,Centro,2018-11-26,58,ACTIVE
eNB_Guarda_003,eNodeB,RAN,Nokia,Nokia_SW_4G_3.0,Nokia_4G_Premium,40.56151512251147,-7.28619214604439,Centro,2022-07-10,200,ACTIVE
eNB_Guarda_004,eNodeB,RAN,Nokia,Nokia_SW_4G_4.1,Nokia_4G_Standard,40.53266256711677,-7.2770946211654834,Centro,2020-08-25,194,ACTIVE
eNB_Guarda_005,eNodeB,RAN,Nokia,Nokia_SW_4G_5.6,Nokia_4G_Standard,40.565339557687075,-7.264368904469769,Centro,2019-11-24,188,ACTIVE
gNB_Guarda_001,gNodeB,RAN,Huawei,Huawei_SW_5G_4.2,Huawei_5G_Premium,40.55187766809203,-7.290583405595554,Centro,2025-04-16,452,ACTIVE
gNB_Guarda_002,gNodeB,RAN,Ericsson,Ericsson_SW_5G_5.5,Ericsson_5G_Standard,40.54040575398804,-7.254955538065649,Centro,2024-07-23,323,ACTIVE
eNB_Castelo Branco_001,eNodeB,RAN,Nokia,Nokia_SW_4G_1.5,Nokia_4G_Standard,39.823845679785514,-7.4717903924986935,Centro,2021-03-19,151,ACTIVE
eNB_Castelo Branco_002,eNodeB,RAN,Huawei,Huawei_SW_4G_1.4,Huawei_4G_Premium,39.811854230997994,-7.464913051196288,Centro,2023-05-03,165,ACTIVE
eNB_Castelo Branco_003,eNodeB,RAN,ZTE,ZTE_SW_4G_2.5,ZTE_4G_Standard,39.86817796247239,-7.500356771208793,Centro,2021-05-13,146,ACTIVE
eNB_Castelo Branco_004,eNodeB,RAN,ZTE,ZTE_SW_4G_2.9,ZTE_4G_Standard,39.81328994957199,-7.464032310457646,Centro,2019-01-17,71,ACTIVE
eNB_Castelo Branco_005,eNodeB,RAN,Huawei,Huawei_SW_4G_2.1,Huawei_4G_Standard,39.85379144291462,-7.5035572005430655,Centro,2021-04-07,89,ACTIVE
eNB_Castelo Branco_006,eNodeB,RAN,ZTE,ZTE_SW_4G_2.6,ZTE_4G_Standard,39.813796263658084,-7.498735692177211,Centro,2020-02-26,77,ACTIVE
eNB_Castelo Branco_007,eNodeB,RAN,Ericsson,Ericsson_SW_4G_1.4,Ericsson_4G_Standard,39.79531098977932,-7.511473038929684,Centro,2021-01-27,119,ACTIVE
gNB_Castelo Branco_001,gNodeB,RAN,Ericsson,Ericsson_SW_5G_2.1,Ericsson_5G_Standard,39.80713788849872,-7.504616963476562,Centro,2024-05-10,329,ACTIVE
gNB_Castelo Branco_002,gNodeB,RAN,ZTE,ZTE_SW_5G_1.0,ZTE_5G_Standard,39.8216797266892,-7.489586779011952,Centro,2024-08-28,383,ACTIVE
gNB_Castelo Branco_003,gNodeB,RAN,Ericsson,Ericsson_SW_5G_5.9,Ericsson_5G_Premium,39.84545750739221,-7.508075310611082,Centro,2023-12-07,297,ACTIVE
eNB_Leiria_001,eNodeB,RAN,Ericsson,Ericsson_SW_4G_3.6,Ericsson_4G_Standard,39.763486447969534,-8.811379776884511,Centro,2023-04-22,71,ACTIVE
eNB_Leiria_002,eNodeB,RAN,Nokia,Nokia_SW_4G_5.8,Nokia_4G_Standard,39.742810725806955,-8.793603610156667,Centro,2022-08-01,147,ACTIVE
eNB_Leiria_003,eNodeB,RAN,Nokia,Nokia_SW_4G_2.4,Nokia_4G_Standard,39.72134555956875,-8.79945180507632,Centro,2020-01-07,176,ACTIVE
eNB_Leiria_004,eNodeB,RAN,Nokia,Nokia_SW_4G_1.2,Nokia_4G_Standard,39.74712904416426,-8.797250974719837,Centro,2020-06-25,157,ACTIVE
eNB_Leiria_005,eNodeB,RAN,Huawei,Huawei_SW_4G_4.1,Huawei_4G_Standard,39.749583372878156,-8.757993997201782,Centro,2022-10-13,113,ACTIVE
eNB_Leiria_006,eNodeB,RAN,ZTE,ZTE_SW_4G_5.9,ZTE_4G_Standard,39.73104520031497,-8.817719939100037,Centro,2021-05-11,77,ACTIVE
eNB_Leiria_007,eNodeB,RAN,Nokia,Nokia_SW_4G_3.0,Nokia_4G_Premium,39.7313371894715,-8.818209542383205,Centro,2020-03-06,135,ACTIVE
eNB_Leiria_008,eNodeB,RAN,ZTE,ZTE_SW_4G_3.7,ZTE_4G_Standard,39.73105225745387,-8.78331966937785,Centro,2024-09-23,84,ACTIVE
eNB_Leiria_009,eNodeB,RAN,Huawei,Huawei_SW_4G_3.9,Huawei_4G_Premium,39.772210084959795,-8.81851492587499,Centro,2021-04-29,101,ACTIVE
eNB_Leiria_010,eNodeB,RAN,ZTE,ZTE_SW_4G_3.2,ZTE_4G_Premium,39.727152888537915,-8.797671688872272,Centro,2021-07-07,131,ACTIVE
eNB_Leiria_011,eNodeB,RAN,Huawei,Huawei_SW_4G_4.9,Huawei_4G_Premium,39.73275553911438,-8.79444136364489,Centro,2022-05-18,133,ACTIVE
eNB_Leiria_012,eNodeB,RAN,ZTE,ZTE_SW_4G_3.6,ZTE_4G_Standard,39.74785846041703,-8.837414882299944,Centro,2019-11-30,194,ACTIVE
eNB_Leiria_013,eNodeB,RAN,Nokia,Nokia_SW_4G_5.8,Nokia_4G_Standard,39.7747501040266,-8.77118244653809,Centro,2021-02-13,190,ACTIVE
eNB_Leiria_014,eNodeB,RAN,Ericsson,Ericsson_SW_4G_4.3,Ericsson_4G_Standard,39.731544226190316,-8.81485403119872,Centro,2019-07-09,124,ACTIVE
eNB_Leiria_015,eNodeB,RAN,Ericsson,Ericsson_SW_4G_4.7,Ericsson_4G_Standard,39.7495173078145,-8.80041086420026,Centro,2019-10-12,127,ACTIVE
eNB_Leiria_016,eNodeB,RAN,Nokia,Nokia_SW_4G_3.2,Nokia_4G_Premium,39.756970885453455,-8.766895909224672,Centro,2019-10-10,146,ACTIVE
eNB_Leiria_017,eNodeB,RAN,Ericsson,Ericsson_SW_4G_4.9,Ericsson_4G_Standard,39.74026105545012,-8.82306594489077,Centro,2022-05-03,152,ACTIVE
eNB_Leiria_018,eNodeB,RAN,ZTE,ZTE_SW_4G_5.0,ZTE_4G_Premium,39.71621361543971,-8.821718600798839,Centro,2019-01-01,142,ACTIVE
gNB_Leiria_001,gNodeB,RAN,Ericsson,Ericsson_SW_5G_1.3,Ericsson_5G_Standard,39.743303095406894,-8.780181632047233,Centro,2024-02-28,281,ACTIVE
gNB_Leiria_002,gNodeB,RAN,Nokia,Nokia_SW_5G_5.0,Nokia_5G_Standard,39.73603583051446,-8.803743180725416,Centro,2025-01-04,430,ACTIVE
gNB_Leiria_003,gNodeB,RAN,ZTE,ZTE_SW_5G_3.6,ZTE_5G_Standard,39.74355365655891,-8.789274100898279,Centro,2025-04-01,150,ACTIVE
gNB_Leiria_004,gNodeB,RAN,Huawei,Huawei_SW_5G_2.8,Huawei_5G_Premium,39.7817039863881,-8.815063031593805,Centro,2024-09-09,385,ACTIVE
gNB_Leiria_005,gNodeB,RAN,Nokia,Nokia_SW_5G_4.5,Nokia_5G_Standard,39.736458408362225,-8.791437586843964,Centro,2024-01-16,495,ACTIVE
gNB_Leiria_006,gNodeB,RAN,Nokia,Nokia_SW_5G_3.0,Nokia_5G_Standard,39.75402837234439,-8.77939939011396,Centro,2023-10-01,251,ACTIVE
gNB_Leiria_007,gNodeB,RAN,ZTE,ZTE_SW_5G_1.1,ZTE_5G_Premium,39.75255892277989,-8.812489381361805,Centro,2024-07-18,473,ACTIVE
eNB_Beja_001,eNodeB,RAN,Nokia,Nokia_SW_4G_3.4,Nokia_4G_Standard,38.02681309661385,-7.8410259283883414,Alentejo,2023-09-08,102,ACTIVE
eNB_Beja_002,eNodeB,RAN,ZTE,ZTE_SW_4G_3.7,ZTE_4G_Standard,38.031409643623945,-7.853054519377854,Alentejo,2022-02-05,165,ACTIVE
eNB_Beja_003,eNodeB,RAN,Huawei,Huawei_SW_4G_1.4,Huawei_4G_Standard,38.03633349379179,-7.839814088191087,Alentejo,2021-04-02,79,ACTIVE
eNB_Beja_004,eNodeB,RAN,Ericsson,Ericsson_SW_4G_3.1,Ericsson_4G_Standard,38.04264317982075,-7.850225802248207,Alentejo,2022-03-19,92,ACTIVE
gNB_Beja_001,gNodeB,RAN,Nokia,Nokia_SW_5G_5.2,Nokia_5G_Standard,38.01249322879525,-7.8609992947035,Alentejo,2024-12-05,269,ACTIVE
gNB_Beja_002,gNodeB,RAN,ZTE,ZTE_SW_5G_4.3,ZTE_5G_Premium,38.03309763449763,-7.875454035064808,Alentejo,2025-01-27,422,ACTIVE
MME_Lisboa_01,MME,Control,Nokia,Nokia_MME_4G_3.6,Nokia_MME_Enterprise,38.73592101614895,-9.145998674146698,Lisboa,2021-07-07,1119,ACTIVE
SGW_Lisboa_02,SGW,User,Nokia,Nokia_SGW_4G_3.6,Nokia_SGW_Enterprise,38.73252173128957,-9.12928076739735,Lisboa,2021-07-21,1018,ACTIVE
PGW_Lisboa_01,PGW,User,Nokia,Nokia_PGW_4G_2.1,Nokia_PGW_Enterprise,38.734145273740424,-9.141600920541862,Lisboa,2020-06-30,1416,ACTIVE
AMF_Lisboa_02,AMF,Control,Nokia,Nokia_AMF_5G_2.3,Nokia_AMF_CloudNative,38.71863572165042,-9.134602750363152,Lisboa,2023-12-16,2933,ACTIVE
SMF_Lisboa_02,SMF,Control,Huawei,Huawei_SMF_5G_3.5,Huawei_SMF_CloudNative,38.738689124871634,-9.12043273879037,Lisboa,2024-02-25,7007,ACTIVE
UPF_Lisboa_01,UPF,User,ZTE,ZTE_UPF_5G_2.5,ZTE_UPF_CloudNative,38.729156500710694,-9.139873782746784,Lisboa,2023-12-16,7057,ACTIVE
MME_Norte_02,MME,Control,Nokia,Nokia_MME_4G_3.9,Nokia_MME_Enterprise,41.144937332546355,-8.618061839337166,Norte,2023-04-05,3752,ACTIVE
SGW_Norte_02,SGW,User,Nokia,Nokia_SGW_4G_1.3,Nokia_SGW_Enterprise,41.14149054038538,-8.631046156877096,Norte,2022-01-08,1479,ACTIVE
PGW_Norte_02,PGW,User,Nokia,Nokia_PGW_4G_3.2,Nokia_PGW_Enterprise,41.14852246080641,-8.631970280903236,Norte,2020-11-13,2591,ACTIVE
AMF_Norte_01,AMF,Control,ZTE,ZTE_AMF_5G_3.6,ZTE_AMF_CloudNative,41.13797915956374,-8.631895472205818,Norte,2024-01-20,3521,ACTIVE
SMF_Norte_01,SMF,Control,ZTE,ZTE_SMF_5G_3.2,ZTE_SMF_CloudNative,41.15317981320784,-8.64410152512891,Norte,2023-11-13,4366,ACTIVE
UPF_Norte_01,UPF,User,Nokia,Nokia_UPF_5G_2.7,Nokia_UPF_CloudNative,41.143773192450716,-8.640837580284192,Norte,2025-02-02,9090,ACTIVE
MME_Centro_01,MME,Control,Huawei,Huawei_MME_4G_2.2,Huawei_MME_Enterprise,40.23171387796849,-8.42406550970407,Centro,2022-08-22,4339,ACTIVE
SGW_Centro_02,SGW,User,ZTE,ZTE_SGW_4G_2.7,ZTE_SGW_Enterprise,40.214174193206524,-8.405061521905587,Centro,2021-05-27,3908,ACTIVE
PGW_Centro_02,PGW,User,ZTE,ZTE_PGW_4G_1.1,ZTE_PGW_Enterprise,40.235418651971585,-8.409491143266962,Centro,2020-07-25,1126,ACTIVE
AMF_Centro_02,AMF,Control,Nokia,Nokia_AMF_5G_1.4,Nokia_AMF_CloudNative,40.214211416412304,-8.390022069961825,Centro,2024-08-10,6404,ACTIVE
SMF_Centro_01,SMF,Control,Huawei,Huawei_SMF_5G_2.9,Huawei_SMF_CloudNative,40.205283272675075,-8.430821700222433,Centro,2023-11-07,6503,ACTIVE
UPF_Centro_01,UPF,User,Ericsson,Ericsson_UPF_5G_2.8,Ericsson_UPF_CloudNative,40.224163556179775,-8.413854182899758,Centro,2024-03-18,6440,ACTIVE
MME_Algarve_02,MME,Control,Ericsson,Ericsson_MME_4G_3.3,Ericsson_MME_Enterprise,37.00196834851231,-7.901929839459721,Algarve,2021-05-08,1419,ACTIVE
SGW_Algarve_02,SGW,User,Nokia,Nokia_SGW_4G_1.7,Nokia_SGW_Enterprise,37.014618683821325,-7.914654190240082,Algarve,2022-04-05,2427,ACTIVE
PGW_Algarve_02,PGW,User,Ericsson,Ericsson_PGW_4G_1.3,Ericsson_PGW_Enterprise,36.999377632696905,-7.900288830649913,Algarve,2022-07-23,4320,ACTIVE
AMF_Algarve_02,AMF,Control,Huawei,Huawei_AMF_5G_1.9,Huawei_AMF_CloudNative,37.0186826884632,-7.910005162570508,Algarve,2024-11-06,8429,ACTIVE
SMF_Algarve_01,SMF,Control,Nokia,Nokia_SMF_5G_1.9,Nokia_SMF_CloudNative,37.03064704664409,-7.919714251595976,Algarve,2024-04-03,6360,ACTIVE
UPF_Algarve_01,UPF,User,Huawei,Huawei_UPF_5G_2.4,Huawei_UPF_CloudNative,36.996925424974364,-7.9159324846315275,Algarve,2024-06-05,6691,ACTIVE
MME_Alentejo_01,MME,Control,Huawei,Huawei_MME_4G_1.6,Huawei_MME_Enterprise,38.57629732024583,-7.918981481769842,Alentejo,2023-05-27,2135,ACTIVE
SGW_Alentejo_01,SGW,User,Nokia,Nokia_SGW_4G_1.2,Nokia_SGW_Enterprise,38.57434081983082,-7.917894322297927,Alentejo,2019-09-30,2319,ACTIVE
PGW_Alentejo_02,PGW,User,Nokia,Nokia_PGW_4G_2.2,Nokia_PGW_Enterprise,38.56423778616748,-7.906977230222337,Alentejo,2020-06-30,3590,ACTIVE
AMF_Alentejo_02,AMF,Control,Huawei,Huawei_AMF_5G_2.7,Huawei_AMF_CloudNative,38.57593166862546,-7.910241917947189,Alentejo,2025-01-10,7190,ACTIVE
SMF_Alentejo_02,SMF,Control,Ericsson,Ericsson_SMF_5G_3.4,Ericsson_SMF_CloudNative,38.58018043387316,-7.916847344071532,Alentejo,2024-03-16,5724,ACTIVE
UPF_Alentejo_02,UPF,User,ZTE,ZTE_UPF_5G_3.0,ZTE_UPF_CloudNative,38.582450853211704,-7.916937790662897,Alentejo,2024-12-23,7987,ACTIVE
