Cell_ID,Site_ID,Node_ID,Technology,Location_Lat,Location_Lon,Transport_Device_ID,Transport_Interface_ID,Region,City,Installation_Date,Status
PT4G0001,PT_SITE_Lisboa_001,eNB_Lisboa_001,4G,38.73223428306022,-9.142065286023424,RTR_Lisboa_01,Gi0/0/1,Lisboa,Lisboa,2023-06-26,ACTIVE
PT4G0002,PT_SITE_Lisboa_002,eNB_Lisboa_002,4G,38.735253770762014,-9.10883940287184,RTR_Lisboa_01,Gi0/0/2,Lisboa,Lisboa,2024-06-14,ACTIVE
PT4G0003,PT_SITE_Lisboa_003,eNB_Lisboa_003,4G,38.71761693250553,-9.143982739138984,RTR_Lisboa_01,Gi0/0/3,Lisboa,Lisboa,2021-08-25,ACTIVE
PT4G0004,PT_SITE_Lisboa_004,eNB_Lisboa_004,4G,38.753884256310144,-9.123951305416941,RTR_Lisboa_02,Gi0/0/1,Lisboa,Lisboa,2021-12-26,ACTIVE
PT4G0005,PT_SITE_Lisboa_005,eNB_Lisboa_005,4G,38.7129105122813,-9.12844879912828,RTR_Lisboa_02,Gi0/0/2,Lisboa,Lisboa,2022-03-25,ACTIVE
PT4G0006,PT_SITE_Lisboa_006,eNB_Lisboa_006,4G,38.71303164614375,-9.148614595071406,RTR_Lisboa_02,Gi0/0/3,Lisboa,Lisboa,2023-03-03,ACTIVE
PT4G0007,PT_SITE_Lisboa_007,eNB_Lisboa_007,4G,38.72713924543132,-9.177565604893156,RTR_Lisboa_03,Gi0/0/1,Lisboa,Lisboa,2023-08-02,ACTIVE
PT4G0008,PT_SITE_Lisboa_008,eNB_Lisboa_008,4G,38.68780164334974,-9.15054575058482,RTR_Lisboa_03,Gi0/0/2,Lisboa,Lisboa,2023-10-04,ACTIVE
PT4G0009,PT_SITE_Lisboa_009,eNB_Lisboa_009,4G,38.702043377593306,-9.133015053348094,RTR_Lisboa_03,Gi0/0/3,Lisboa,Lisboa,2020-01-01,ACTIVE
PT4G0010,PT_SITE_Lisboa_010,eNB_Lisboa_010,4G,38.704139518489576,-9.167546074026706,RTR_Lisboa_04,Gi0/0/1,Lisboa,Lisboa,2024-05-17,ACTIVE
PT4G0011,PT_SITE_Lisboa_011,eNB_Lisboa_011,4G,38.75161297537843,-9.143815526009732,RTR_Lisboa_04,Gi0/0/2,Lisboa,Lisboa,2024-05-25,ACTIVE
PT4G0012,PT_SITE_Lisboa_012,eNB_Lisboa_012,4G,38.72365056409375,-9.167794963724269,RTR_Lisboa_04,Gi0/0/3,Lisboa,Lisboa,2023-09-07,ACTIVE
PT4G0013,PT_SITE_Lisboa_013,eNB_Lisboa_013,4G,38.711412345509494,-9.137081548205803,RTR_Lisboa_05,Gi0/0/1,Lisboa,Lisboa,2022-04-13,ACTIVE
PT4G0014,PT_SITE_Lisboa_014,eNB_Lisboa_014,4G,38.69928012845155,-9.131786039633086,RTR_Lisboa_05,Gi0/0/2,Lisboa,Lisboa,2022-02-15,ACTIVE
PT4G0015,PT_SITE_Lisboa_015,eNB_Lisboa_015,4G,38.71028722620162,-9.145133874995865,RTR_Lisboa_05,Gi0/0/3,Lisboa,Lisboa,2019-01-25,ACTIVE
PT4G0016,PT_SITE_Lisboa_016,eNB_Lisboa_016,4G,38.71026586775541,-9.102254436309822,RTR_Lisboa_06,Gi0/0/1,Lisboa,Lisboa,2024-06-08,ACTIVE
PT4G0017,PT_SITE_Lisboa_017,eNB_Lisboa_017,4G,38.722030055505236,-9.160454218579119,RTR_Lisboa_06,Gi0/0/2,Lisboa,Lisboa,2022-07-03,ACTIVE
PT4G0018,PT_SITE_Lisboa_018,eNB_Lisboa_018,4G,38.73875089824206,-9.163716872999421,RTR_Lisboa_06,Gi0/0/3,Lisboa,Lisboa,2020-01-11,ACTIVE
PT4G0019,PT_SITE_Lisboa_019,eNB_Lisboa_019,4G,38.726477271900094,-9.178493402477596,RTR_Lisboa_07,Gi0/0/1,Lisboa,Lisboa,2022-04-06,ACTIVE
PT4G0020,PT_SITE_Lisboa_020,eNB_Lisboa_020,4G,38.69573627902203,-9.135362775282617,RTR_Lisboa_07,Gi0/0/2,Lisboa,Lisboa,2019-09-12,ACTIVE
PT4G0021,PT_SITE_Lisboa_021,eNB_Lisboa_021,4G,38.737069331599905,-9.1358726343762,RTR_Lisboa_07,Gi0/0/3,Lisboa,Lisboa,2021-08-12,ACTIVE
PT4G0022,PT_SITE_Lisboa_022,eNB_Lisboa_022,4G,38.71998703435223,-9.145322073911787,RTR_Lisboa_08,Gi0/0/1,Lisboa,Lisboa,2024-08-29,ACTIVE
PT4G0023,PT_SITE_Lisboa_023,eNB_Lisboa_023,4G,38.692729560192646,-9.153696884167895,RTR_Lisboa_08,Gi0/0/2,Lisboa,Lisboa,2022-12-11,ACTIVE
PT4G0024,PT_SITE_Lisboa_024,eNB_Lisboa_024,4G,38.7130872245808,-9.118157555475623,RTR_Lisboa_08,Gi0/0/3,Lisboa,Lisboa,2019-12-29,ACTIVE
PT4G0025,PT_SITE_Lisboa_025,eNB_Lisboa_025,4G,38.729172365791364,-9.174560803107255,RTR_Lisboa_09,Gi0/0/1,Lisboa,Lisboa,2020-12-01,ACTIVE
PT4G0026,PT_SITE_Lisboa_026,eNB_Lisboa_026,4G,38.72878167938789,-9.147001645608327,RTR_Lisboa_09,Gi0/0/2,Lisboa,Lisboa,2021-08-13,ACTIVE
PT4G0027,PT_SITE_Lisboa_027,eNB_Lisboa_027,4G,38.708761559993874,-9.127066474223183,RTR_Lisboa_09,Gi0/0/3,Lisboa,Lisboa,2022-12-28,ACTIVE
PT4G0028,PT_SITE_Lisboa_028,eNB_Lisboa_028,4G,38.74291999044991,-9.120674397617677,RTR_Lisboa_10,Gi0/0/1,Lisboa,Lisboa,2022-04-27,ACTIVE
PT4G0029,PT_SITE_Lisboa_029,eNB_Lisboa_029,4G,38.70551564953554,-9.145484247517025,RTR_Lisboa_10,Gi0/0/2,Lisboa,Lisboa,2020-12-16,ACTIVE
PT4G0030,PT_SITE_Lisboa_030,eNB_Lisboa_030,4G,38.72892526862807,-9.119789097457554,RTR_Lisboa_10,Gi0/0/3,Lisboa,Lisboa,2023-08-03,ACTIVE
PT4G0031,PT_SITE_Lisboa_031,eNB_Lisboa_031,4G,38.712716515243095,-9.143013179533277,RTR_Lisboa_11,Gi0/0/1,Lisboa,Lisboa,2023-09-11,ACTIVE
PT4G0032,PT_SITE_Lisboa_032,eNB_Lisboa_032,4G,38.70017330051988,-9.163224132481615,RTR_Lisboa_11,Gi0/0/2,Lisboa,Lisboa,2020-06-21,ACTIVE
PT4G0033,PT_SITE_Lisboa_033,eNB_Lisboa_033,4G,38.73855051644788,-9.112175199428584,RTR_Lisboa_11,Gi0/0/3,Lisboa,Lisboa,2023-08-25,ACTIVE
PT4G0034,PT_SITE_Lisboa_034,eNB_Lisboa_034,4G,38.72085979756839,-9.11922934204216,RTR_Lisboa_12,Gi0/0/1,Lisboa,Lisboa,2020-09-15,ACTIVE
PT4G0035,PT_SITE_Lisboa_035,eNB_Lisboa_035,4G,38.72953272050095,-9.152202395092102,RTR_Lisboa_12,Gi0/0/2,Lisboa,Lisboa,2020-11-16,ACTIVE
PT4G0036,PT_SITE_Lisboa_036,eNB_Lisboa_036,4G,38.729527912110164,-9.10853926867068,RTR_Lisboa_12,Gi0/0/3,Lisboa,Lisboa,2021-10-07,ACTIVE
PT4G0037,PT_SITE_Lisboa_037,eNB_Lisboa_037,4G,38.7215834792178,-9.10800712688372,RTR_Lisboa_13,Gi0/0/1,Lisboa,Lisboa,2024-03-31,ACTIVE
PT4G0038,PT_SITE_Lisboa_038,eNB_Lisboa_038,4G,38.6699050979182,-9.122861949912496,RTR_Lisboa_13,Gi0/0/2,Lisboa,Lisboa,2019-08-01,ACTIVE
PT4G0039,PT_SITE_Lisboa_039,eNB_Lisboa_039,4G,38.72404094136476,-9.145280147009318,RTR_Lisboa_13,Gi0/0/3,Lisboa,Lisboa,2023-05-02,ACTIVE
PT4G0040,PT_SITE_Lisboa_040,eNB_Lisboa_040,4G,38.72413521553071,-9.179051378292018,RTR_Lisboa_14,Gi0/0/1,Lisboa,Lisboa,2020-06-27,ACTIVE
PT4G0041,PT_SITE_Lisboa_041,eNB_Lisboa_041,4G,38.71790656224325,-9.132157748569766,RTR_Lisboa_14,Gi0/0/2,Lisboa,Lisboa,2023-11-07,ACTIVE
PT4G0042,PT_SITE_Lisboa_042,eNB_Lisboa_042,4G,38.751857880894825,-9.149665404365473,RTR_Lisboa_14,Gi0/0/3,Lisboa,Lisboa,2021-06-12,ACTIVE
PT4G0043,PT_SITE_Lisboa_043,eNB_Lisboa_043,4G,38.70613012794213,-9.149335140871692,RTR_Lisboa_15,Gi0/0/1,Lisboa,Lisboa,2020-09-04,ACTIVE
PT4G0044,PT_SITE_Lisboa_044,eNB_Lisboa_044,4G,38.74060804235404,-9.132724977806808,RTR_Lisboa_15,Gi0/0/2,Lisboa,Lisboa,2022-07-30,ACTIVE
PT4G0045,PT_SITE_Lisboa_045,eNB_Lisboa_045,4G,38.71170479592465,-9.129034651337733,RTR_Lisboa_15,Gi0/0/3,Lisboa,Lisboa,2023-12-15,ACTIVE
PT4G0046,PT_SITE_Lisboa_046,eNB_Lisboa_046,4G,38.72424155098696,-9.119927100189342,RTR_Lisboa_16,Gi0/0/1,Lisboa,Lisboa,2024-03-21,ACTIVE
PT4G0047,PT_SITE_Lisboa_047,eNB_Lisboa_047,4G,38.70825893812245,-9.145853242931956,RTR_Lisboa_16,Gi0/0/2,Lisboa,Lisboa,2022-03-06,ACTIVE
PT4G0048,PT_SITE_Lisboa_048,eNB_Lisboa_048,4G,38.714457836937356,-9.168570298962642,RTR_Lisboa_16,Gi0/0/3,Lisboa,Lisboa,2021-06-27,ACTIVE
PT4G0049,PT_SITE_Lisboa_049,eNB_Lisboa_049,4G,38.72822240554129,-9.134078894556403,RTR_Lisboa_17,Gi0/0/1,Lisboa,Lisboa,2023-11-03,ACTIVE
PT4G0050,PT_SITE_Lisboa_050,eNB_Lisboa_050,4G,38.72240226913284,-9.143991742667504,RTR_Lisboa_17,Gi0/0/2,Lisboa,Lisboa,2022-02-14,ACTIVE
PT4G0051,PT_SITE_Lisboa_051,eNB_Lisboa_051,4G,38.69399258515899,-9.147712906455308,RTR_Lisboa_17,Gi0/0/3,Lisboa,Lisboa,2023-08-08,ACTIVE
PT4G0052,PT_SITE_Lisboa_052,eNB_Lisboa_052,4G,38.71544570966946,-9.155345545384433,RTR_Lisboa_18,Gi0/0/1,Lisboa,Lisboa,2020-06-21,ACTIVE
PT4G0053,PT_SITE_Lisboa_053,eNB_Lisboa_053,4G,38.71907428576667,-9.13121898286371,RTR_Lisboa_18,Gi0/0/2,Lisboa,Lisboa,2021-08-13,ACTIVE
PT4G0054,PT_SITE_Lisboa_054,eNB_Lisboa_054,4G,38.76002371802421,-9.135808443743363,RTR_Lisboa_18,Gi0/0/3,Lisboa,Lisboa,2019-08-25,ACTIVE
PT4G0055,PT_SITE_Lisboa_055,eNB_Lisboa_055,4G,38.72745100781445,-9.140788918315323,RTR_Lisboa_19,Gi0/0/1,Lisboa,Lisboa,2020-08-22,ACTIVE
PT4G0056,PT_SITE_Lisboa_056,eNB_Lisboa_056,4G,38.683924575694014,-9.139830277508985,RTR_Lisboa_19,Gi0/0/2,Lisboa,Lisboa,2022-11-28,ACTIVE
PT4G0057,PT_SITE_Lisboa_057,eNB_Lisboa_057,4G,38.723504604198816,-9.090035157750295,RTR_Lisboa_19,Gi0/0/3,Lisboa,Lisboa,2020-07-31,ACTIVE
PT4G0058,PT_SITE_Lisboa_058,eNB_Lisboa_058,4G,38.718452780704375,-9.133269053153327,RTR_Lisboa_20,Gi0/0/1,Lisboa,Lisboa,2020-09-30,ACTIVE
PT4G0059,PT_SITE_Lisboa_059,eNB_Lisboa_059,4G,38.72160576460589,-9.162673560752392,RTR_Lisboa_20,Gi0/0/2,Lisboa,Lisboa,2022-05-20,ACTIVE
PT4G0060,PT_SITE_Lisboa_060,eNB_Lisboa_060,4G,38.745156456290296,-9.124261339346265,RTR_Lisboa_20,Gi0/0/3,Lisboa,Lisboa,2021-09-27,ACTIVE
PT4G0061,PT_SITE_Lisboa_061,eNB_Lisboa_061,4G,38.738120638940856,-9.157487749095894,RTR_Lisboa_21,Gi0/0/1,Lisboa,Lisboa,2023-12-07,ACTIVE
PT4G0062,PT_SITE_Lisboa_062,eNB_Lisboa_062,4G,38.75035588621872,-9.167337021255847,RTR_Lisboa_21,Gi0/0/2,Lisboa,Lisboa,2022-10-25,ACTIVE
PT4G0063,PT_SITE_Lisboa_063,eNB_Lisboa_063,4G,38.734037141876,-9.0954908874838,RTR_Lisboa_21,Gi0/0/3,Lisboa,Lisboa,2018-09-29,ACTIVE
PT4G0064,PT_SITE_Lisboa_064,eNB_Lisboa_064,4G,38.702489273497385,-9.150625954592057,RTR_Lisboa_22,Gi0/0/1,Lisboa,Lisboa,2021-12-27,ACTIVE
PT4G0065,PT_SITE_Lisboa_065,eNB_Lisboa_065,4G,38.72429302730175,-9.149369513082325,RTR_Lisboa_22,Gi0/0/2,Lisboa,Lisboa,2022-11-25,ACTIVE
PT4G0066,PT_SITE_Lisboa_066,eNB_Lisboa_066,4G,38.691286731378675,-9.13792874050388,RTR_Lisboa_22,Gi0/0/3,Lisboa,Lisboa,2019-07-20,ACTIVE
PT4G0067,PT_SITE_Lisboa_067,eNB_Lisboa_067,4G,38.701053925725475,-9.129828151387297,RTR_Lisboa_23,Gi0/0/1,Lisboa,Lisboa,2020-06-23,ACTIVE
PT4G0068,PT_SITE_Lisboa_068,eNB_Lisboa_068,4G,38.70391151531532,-9.10830131189965,RTR_Lisboa_23,Gi0/0/2,Lisboa,Lisboa,2021-09-15,ACTIVE
PT4G0069,PT_SITE_Lisboa_069,eNB_Lisboa_069,4G,38.70663493415327,-9.145741230324115,RTR_Lisboa_23,Gi0/0/3,Lisboa,Lisboa,2022-04-09,ACTIVE
PT4G0070,PT_SITE_Lisboa_070,eNB_Lisboa_070,4G,38.73857034434739,-9.16391728632868,RTR_Lisboa_24,Gi0/0/1,Lisboa,Lisboa,2021-02-04,ACTIVE
PT4G0071,PT_SITE_Lisboa_071,eNB_Lisboa_071,4G,38.72684919869208,-9.113157144914352,RTR_Lisboa_24,Gi0/0/2,Lisboa,Lisboa,2024-02-08,ACTIVE
PT4G0072,PT_SITE_Lisboa_072,eNB_Lisboa_072,4G,38.69015033530877,-9.135607322829355,RTR_Lisboa_24,Gi0/0/3,Lisboa,Lisboa,2022-03-01,ACTIVE
PT4G0073,PT_SITE_Lisboa_073,eNB_Lisboa_073,4G,38.72749765588497,-9.123663542564454,RTR_Lisboa_25,Gi0/0/1,Lisboa,Lisboa,2024-05-16,ACTIVE
PT4G0074,PT_SITE_Lisboa_074,eNB_Lisboa_074,4G,38.69756098578244,-9.165709132261686,RTR_Lisboa_25,Gi0/0/2,Lisboa,Lisboa,2021-03-12,ACTIVE
PT4G0075,PT_SITE_Lisboa_075,eNB_Lisboa_075,4G,38.73273883131233,-9.133360306535337,RTR_Lisboa_25,Gi0/0/3,Lisboa,Lisboa,2020-03-26,ACTIVE
PT4G0076,PT_SITE_Lisboa_076,eNB_Lisboa_076,4G,38.727309857006915,-9.132371035810062,RTR_Lisboa_26,Gi0/0/1,Lisboa,Lisboa,2021-09-24,ACTIVE
PT5G0077,PT_SITE_Lisboa_077,gNB_Lisboa_001,5G,38.71209962917632,-9.135816194542585,RTR_Lisboa_01,Gi0/1/1,Lisboa,Lisboa,2025-04-20,ACTIVE
PT5G0078,PT_SITE_Lisboa_078,gNB_Lisboa_002,5G,38.72669608709948,-9.150015271270396,RTR_Lisboa_01,Gi0/1/2,Lisboa,Lisboa,2024-11-22,ACTIVE
PT5G0079,PT_SITE_Lisboa_079,gNB_Lisboa_003,5G,38.75028661766717,-9.132192506186323,RTR_Lisboa_02,Gi0/1/1,Lisboa,Lisboa,2023-11-24,ACTIVE
PT5G0080,PT_SITE_Lisboa_080,gNB_Lisboa_004,5G,38.70443044754196,-9.129451695870493,RTR_Lisboa_02,Gi0/1/2,Lisboa,Lisboa,2024-08-08,ACTIVE
PT5G0081,PT_SITE_Lisboa_081,gNB_Lisboa_005,5G,38.707679774946584,-9.127493730943863,RTR_Lisboa_03,Gi0/1/1,Lisboa,Lisboa,2024-11-21,ACTIVE
PT5G0082,PT_SITE_Lisboa_082,gNB_Lisboa_006,5G,38.739678933685106,-9.151610234775276,RTR_Lisboa_03,Gi0/1/2,Lisboa,Lisboa,2024-02-01,ACTIVE
PT5G0083,PT_SITE_Lisboa_083,gNB_Lisboa_007,5G,38.73675064193866,-9.133108286095952,RTR_Lisboa_04,Gi0/1/1,Lisboa,Lisboa,2024-05-17,ACTIVE
PT5G0084,PT_SITE_Lisboa_084,gNB_Lisboa_008,5G,38.734630902399914,-9.11084810526019,RTR_Lisboa_04,Gi0/1/2,Lisboa,Lisboa,2024-03-14,ACTIVE
PT5G0085,PT_SITE_Lisboa_085,gNB_Lisboa_009,5G,38.71861917825996,-9.150606042465363,RTR_Lisboa_05,Gi0/1/1,Lisboa,Lisboa,2025-01-31,ACTIVE
PT5G0086,PT_SITE_Lisboa_086,gNB_Lisboa_010,5G,38.70895728355561,-9.151537154274482,RTR_Lisboa_05,Gi0/1/2,Lisboa,Lisboa,2024-09-28,ACTIVE
PT5G0087,PT_SITE_Lisboa_087,gNB_Lisboa_011,5G,38.72114347435878,-9.134182720377751,RTR_Lisboa_06,Gi0/1/1,Lisboa,Lisboa,2025-02-04,ACTIVE
PT5G0088,PT_SITE_Lisboa_088,gNB_Lisboa_012,5G,38.72645036198995,-9.12689225126446,RTR_Lisboa_06,Gi0/1/2,Lisboa,Lisboa,2024-10-17,ACTIVE
PT5G0089,PT_SITE_Lisboa_089,gNB_Lisboa_013,5G,38.72249502837816,-9.11749698884264,RTR_Lisboa_07,Gi0/1/1,Lisboa,Lisboa,2023-11-30,ACTIVE
PT5G0090,PT_SITE_Lisboa_090,gNB_Lisboa_014,5G,38.718330147501426,-9.098497462501156,RTR_Lisboa_07,Gi0/1/2,Lisboa,Lisboa,2023-12-23,ACTIVE
PT5G0091,PT_SITE_Lisboa_091,gNB_Lisboa_015,5G,38.731685010216474,-9.152157363346245,RTR_Lisboa_08,Gi0/1/1,Lisboa,Lisboa,2024-09-30,ACTIVE
PT5G0092,PT_SITE_Lisboa_092,gNB_Lisboa_016,5G,38.70623661252908,-9.132062913771353,RTR_Lisboa_08,Gi0/1/2,Lisboa,Lisboa,2023-11-06,ACTIVE
PT5G0093,PT_SITE_Lisboa_093,gNB_Lisboa_017,5G,38.71894805822011,-9.12858999258862,RTR_Lisboa_09,Gi0/1/1,Lisboa,Lisboa,2024-04-14,ACTIVE
PT5G0094,PT_SITE_Lisboa_094,gNB_Lisboa_018,5G,38.7293985643686,-9.140392433689854,RTR_Lisboa_09,Gi0/1/2,Lisboa,Lisboa,2023-11-07,ACTIVE
PT5G0095,PT_SITE_Lisboa_095,gNB_Lisboa_019,5G,38.70959809422897,-9.162022708370289,RTR_Lisboa_10,Gi0/1/1,Lisboa,Lisboa,2024-05-14,ACTIVE
PT5G0096,PT_SITE_Lisboa_096,gNB_Lisboa_020,5G,38.71560227571899,-9.126454018085148,RTR_Lisboa_10,Gi0/1/2,Lisboa,Lisboa,2024-06-21,ACTIVE
PT5G0097,PT_SITE_Lisboa_097,gNB_Lisboa_021,5G,38.72551140616195,-9.157986081680681,RTR_Lisboa_11,Gi0/1/1,Lisboa,Lisboa,2024-11-14,ACTIVE
PT5G0098,PT_SITE_Lisboa_098,gNB_Lisboa_022,5G,38.72489771388776,-9.133520239304067,RTR_Lisboa_11,Gi0/1/2,Lisboa,Lisboa,2025-02-05,ACTIVE
PT5G0099,PT_SITE_Lisboa_099,gNB_Lisboa_023,5G,38.70904213845698,-9.136994123410817,RTR_Lisboa_12,Gi0/1/1,Lisboa,Lisboa,2024-01-22,ACTIVE
PT5G0100,PT_SITE_Lisboa_100,gNB_Lisboa_024,5G,38.723173130776686,-9.156444554467459,RTR_Lisboa_12,Gi0/1/2,Lisboa,Lisboa,2024-02-07,ACTIVE
PT5G0101,PT_SITE_Lisboa_101,gNB_Lisboa_025,5G,38.727666810405225,-9.130888232104477,RTR_Lisboa_13,Gi0/1/1,Lisboa,Lisboa,2025-03-25,ACTIVE
PT5G0102,PT_SITE_Lisboa_102,gNB_Lisboa_026,5G,38.738545768647626,-9.123492969219477,RTR_Lisboa_13,Gi0/1/2,Lisboa,Lisboa,2025-05-09,ACTIVE
PT5G0103,PT_SITE_Lisboa_103,gNB_Lisboa_027,5G,38.70163495948064,-9.153367375598727,RTR_Lisboa_14,Gi0/1/1,Lisboa,Lisboa,2025-03-06,ACTIVE
PT5G0104,PT_SITE_Lisboa_104,gNB_Lisboa_028,5G,38.730025529008124,-9.131593210736318,RTR_Lisboa_14,Gi0/1/2,Lisboa,Lisboa,2025-01-21,ACTIVE
PT5G0105,PT_SITE_Lisboa_105,gNB_Lisboa_029,5G,38.73002571529459,-9.08150902764018,RTR_Lisboa_15,Gi0/1/1,Lisboa,Lisboa,2025-01-14,ACTIVE
PT5G0106,PT_SITE_Lisboa_106,gNB_Lisboa_030,5G,38.7308633576604,-9.12226651539729,RTR_Lisboa_15,Gi0/1/2,Lisboa,Lisboa,2024-04-20,ACTIVE
PT5G0107,PT_SITE_Lisboa_107,gNB_Lisboa_031,5G,38.7366100264524,-9.129529131230413,RTR_Lisboa_16,Gi0/1/1,Lisboa,Lisboa,2023-10-25,ACTIVE
PT5G0108,PT_SITE_Lisboa_108,gNB_Lisboa_032,5G,38.717570961330395,-9.127915461692602,RTR_Lisboa_16,Gi0/1/2,Lisboa,Lisboa,2025-04-22,ACTIVE
PT4G0109,PT_SITE_Porto_001,eNB_Porto_001,4G,41.142443495709244,-8.6338363721348,RTR_Porto_01,Gi0/0/1,Norte,Porto,2020-06-01,ACTIVE
PT4G0110,PT_SITE_Porto_002,eNB_Porto_002,4G,41.148192729043416,-8.627462517212273,RTR_Porto_01,Gi0/0/2,Norte,Porto,2020-06-14,ACTIVE
PT4G0111,PT_SITE_Porto_003,eNB_Porto_003,4G,41.204193171333465,-8.666445303851834,RTR_Porto_01,Gi0/0/3,Norte,Porto,2019-06-26,ACTIVE
PT4G0112,PT_SITE_Porto_004,eNB_Porto_004,4G,41.17162520380749,-8.661354317423793,RTR_Porto_02,Gi0/0/1,Norte,Porto,2018-10-19,ACTIVE
PT4G0113,PT_SITE_Porto_005,eNB_Porto_005,4G,41.14846136268421,-8.607320988060652,RTR_Porto_02,Gi0/0/2,Norte,Porto,2021-11-30,ACTIVE
PT4G0114,PT_SITE_Porto_006,eNB_Porto_006,4G,41.15918560038191,-8.650654895558585,RTR_Porto_02,Gi0/0/3,Norte,Porto,2024-08-08,ACTIVE
PT4G0115,PT_SITE_Porto_007,eNB_Porto_007,4G,41.1435939258148,-8.615508045021306,RTR_Porto_03,Gi0/0/1,Norte,Porto,2023-06-13,ACTIVE
PT4G0116,PT_SITE_Porto_008,eNB_Porto_008,4G,41.14329266736566,-8.62477082820836,RTR_Porto_03,Gi0/0/2,Norte,Porto,2021-09-28,ACTIVE
PT4G0117,PT_SITE_Porto_009,eNB_Porto_009,4G,41.158811436798075,-8.642132006952115,RTR_Porto_03,Gi0/0/3,Norte,Porto,2020-12-01,ACTIVE
PT4G0118,PT_SITE_Porto_010,eNB_Porto_010,4G,41.200778881786505,-8.61642161955364,RTR_Porto_04,Gi0/0/1,Norte,Porto,2023-06-26,ACTIVE
PT4G0119,PT_SITE_Porto_011,eNB_Porto_011,4G,41.117397148266846,-8.62537091370461,RTR_Porto_04,Gi0/0/2,Norte,Porto,2021-06-10,ACTIVE
PT4G0120,PT_SITE_Porto_012,eNB_Porto_012,4G,41.14466427070463,-8.612051333304075,RTR_Porto_04,Gi0/0/3,Norte,Porto,2019-11-10,ACTIVE
PT4G0121,PT_SITE_Porto_013,eNB_Porto_013,4G,41.14204958523134,-8.631394728829337,RTR_Porto_05,Gi0/0/1,Norte,Porto,2022-12-17,ACTIVE
PT4G0122,PT_SITE_Porto_014,eNB_Porto_014,4G,41.16799974557961,-8.611784896116596,RTR_Porto_05,Gi0/0/2,Norte,Porto,2019-08-24,ACTIVE
PT4G0123,PT_SITE_Porto_015,eNB_Porto_015,4G,41.13389407185888,-8.635790024716819,RTR_Porto_05,Gi0/0/3,Norte,Porto,2024-09-11,ACTIVE
PT4G0124,PT_SITE_Porto_016,eNB_Porto_016,4G,41.148401093776776,-8.642166584651473,RTR_Porto_06,Gi0/0/1,Norte,Porto,2021-10-12,ACTIVE
PT4G0125,PT_SITE_Porto_017,eNB_Porto_017,4G,41.19320908480562,-8.62100036578078,RTR_Porto_06,Gi0/0/2,Norte,Porto,2019-02-13,ACTIVE
PT4G0126,PT_SITE_Porto_018,eNB_Porto_018,4G,41.1326823209133,-8.610742761058903,RTR_Porto_06,Gi0/0/3,Norte,Porto,2022-09-24,ACTIVE
PT4G0127,PT_SITE_Porto_019,eNB_Porto_019,4G,41.20034312394025,-8.608450694788976,RTR_Porto_07,Gi0/0/1,Norte,Porto,2019-01-15,ACTIVE
PT4G0128,PT_SITE_Porto_020,eNB_Porto_020,4G,41.127512600680916,-8.638784681457324,RTR_Porto_07,Gi0/0/2,Norte,Porto,2023-07-17,ACTIVE
PT4G0129,PT_SITE_Porto_021,eNB_Porto_021,4G,41.18323822298373,-8.643253389312376,RTR_Porto_07,Gi0/0/3,Norte,Porto,2021-05-21,ACTIVE
PT4G0130,PT_SITE_Porto_022,eNB_Porto_022,4G,41.16677638856292,-8.613607318931413,RTR_Porto_08,Gi0/0/1,Norte,Porto,2019-01-15,ACTIVE
PT4G0131,PT_SITE_Porto_023,eNB_Porto_023,4G,41.13936139056844,-8.630290507121236,RTR_Porto_08,Gi0/0/2,Norte,Porto,2022-07-03,ACTIVE
PT4G0132,PT_SITE_Porto_024,eNB_Porto_024,4G,41.09307465319861,-8.649587752826685,RTR_Porto_08,Gi0/0/3,Norte,Porto,2023-01-07,ACTIVE
PT4G0133,PT_SITE_Porto_025,eNB_Porto_025,4G,41.15284863697214,-8.654055663639296,RTR_Porto_09,Gi0/0/1,Norte,Porto,2020-07-16,ACTIVE
PT4G0134,PT_SITE_Porto_026,eNB_Porto_026,4G,41.19054822607863,-8.657702827559213,RTR_Porto_09,Gi0/0/2,Norte,Porto,2022-12-03,ACTIVE
PT4G0135,PT_SITE_Porto_027,eNB_Porto_027,4G,41.14909911026606,-8.626485188454277,RTR_Porto_09,Gi0/0/3,Norte,Porto,2018-10-14,ACTIVE
PT4G0136,PT_SITE_Porto_028,eNB_Porto_028,4G,41.18672546578132,-8.657817243023588,RTR_Porto_10,Gi0/0/1,Norte,Porto,2024-09-22,ACTIVE
PT4G0137,PT_SITE_Porto_029,eNB_Porto_029,4G,41.1811632750431,-8.628895338779607,RTR_Porto_10,Gi0/0/2,Norte,Porto,2021-02-05,ACTIVE
PT4G0138,PT_SITE_Porto_030,eNB_Porto_030,4G,41.13826982697904,-8.619857930514733,RTR_Porto_10,Gi0/0/3,Norte,Porto,2019-04-03,ACTIVE
PT4G0139,PT_SITE_Porto_031,eNB_Porto_031,4G,41.16188119391147,-8.641104337543176,RTR_Porto_11,Gi0/0/1,Norte,Porto,2024-07-07,ACTIVE
PT4G0140,PT_SITE_Porto_032,eNB_Porto_032,4G,41.1592960416998,-8.636806271937235,RTR_Porto_11,Gi0/0/2,Norte,Porto,2023-06-24,ACTIVE
PT5G0141,PT_SITE_Porto_033,gNB_Porto_001,5G,41.159602760178764,-8.619168039882183,RTR_Porto_01,Gi0/1/1,Norte,Porto,2024-06-20,ACTIVE
PT5G0142,PT_SITE_Porto_034,gNB_Porto_002,5G,41.18169025224218,-8.647667232482402,RTR_Porto_01,Gi0/1/2,Norte,Porto,2024-08-16,ACTIVE
PT5G0143,PT_SITE_Porto_035,gNB_Porto_003,5G,41.18989550061984,-8.658381316992838,RTR_Porto_02,Gi0/1/1,Norte,Porto,2024-10-24,ACTIVE
PT5G0144,PT_SITE_Porto_036,gNB_Porto_004,5G,41.155623223574466,-8.62027524190273,RTR_Porto_02,Gi0/1/2,Norte,Porto,2025-04-28,ACTIVE
PT5G0145,PT_SITE_Porto_037,gNB_Porto_005,5G,41.16211487801603,-8.638440492797308,RTR_Porto_03,Gi0/1/1,Norte,Porto,2024-10-23,ACTIVE
PT5G0146,PT_SITE_Porto_038,gNB_Porto_006,5G,41.15477816624464,-8.636495014019882,RTR_Porto_03,Gi0/1/2,Norte,Porto,2023-11-24,ACTIVE
PT5G0147,PT_SITE_Porto_039,gNB_Porto_007,5G,41.149059528645836,-8.616355968544683,RTR_Porto_04,Gi0/1/1,Norte,Porto,2025-04-07,ACTIVE
PT5G0148,PT_SITE_Porto_040,gNB_Porto_008,5G,41.16325523228947,-8.639493643928908,RTR_Porto_04,Gi0/1/2,Norte,Porto,2025-03-31,ACTIVE
PT5G0149,PT_SITE_Porto_041,gNB_Porto_009,5G,41.1713939981315,-8.62449050718685,RTR_Porto_05,Gi0/1/1,Norte,Porto,2024-02-15,ACTIVE
PT5G0150,PT_SITE_Porto_042,gNB_Porto_010,5G,41.170092931782584,-8.619655567371145,RTR_Porto_05,Gi0/1/2,Norte,Porto,2025-04-17,ACTIVE
PT5G0151,PT_SITE_Porto_043,gNB_Porto_011,5G,41.14546507483617,-8.637502715602954,RTR_Porto_06,Gi0/1/1,Norte,Porto,2023-12-29,ACTIVE
PT5G0152,PT_SITE_Porto_044,gNB_Porto_012,5G,41.16910940407685,-8.619944446018497,RTR_Porto_06,Gi0/1/2,Norte,Porto,2025-02-18,ACTIVE
PT5G0153,PT_SITE_Porto_045,gNB_Porto_013,5G,41.157586476090536,-8.627340089250367,RTR_Porto_07,Gi0/1/1,Norte,Porto,2025-02-15,ACTIVE
PT5G0154,PT_SITE_Porto_046,gNB_Porto_014,5G,41.17706497343683,-8.637973570832537,RTR_Porto_07,Gi0/1/2,Norte,Porto,2024-02-26,ACTIVE
PT4G0155,PT_SITE_Vila Nova de Gaia_001,eNB_Vila Nova de Gaia_001,4G,41.1348419476234,-8.625143853048678,RTR_Vila Nova de Gaia_01,Gi0/0/1,Norte,Vila Nova de Gaia,2022-11-18,ACTIVE
PT4G0156,PT_SITE_Vila Nova de Gaia_002,eNB_Vila Nova de Gaia_002,4G,41.11954637593546,-8.599124462960257,RTR_Vila Nova de Gaia_01,Gi0/0/2,Norte,Vila Nova de Gaia,2021-10-05,ACTIVE
PT4G0157,PT_SITE_Vila Nova de Gaia_003,eNB_Vila Nova de Gaia_003,4G,41.14040832697976,-8.604829807279987,RTR_Vila Nova de Gaia_01,Gi0/0/3,Norte,Vila Nova de Gaia,2018-10-25,ACTIVE
PT4G0158,PT_SITE_Vila Nova de Gaia_004,eNB_Vila Nova de Gaia_004,4G,41.150009576143084,-8.620679923167344,RTR_Vila Nova de Gaia_02,Gi0/0/1,Norte,Vila Nova de Gaia,2019-12-27,ACTIVE
PT4G0159,PT_SITE_Vila Nova de Gaia_005,eNB_Vila Nova de Gaia_005,4G,41.1375390594259,-8.627305335131869,RTR_Vila Nova de Gaia_02,Gi0/0/2,Norte,Vila Nova de Gaia,2022-05-11,ACTIVE
PT4G0160,PT_SITE_Vila Nova de Gaia_006,eNB_Vila Nova de Gaia_006,4G,41.13038332704977,-8.623702861087354,RTR_Vila Nova de Gaia_02,Gi0/0/3,Norte,Vila Nova de Gaia,2022-06-24,ACTIVE
PT4G0161,PT_SITE_Vila Nova de Gaia_007,eNB_Vila Nova de Gaia_007,4G,41.12583991929986,-8.609196859491261,RTR_Vila Nova de Gaia_03,Gi0/0/1,Norte,Vila Nova de Gaia,2021-03-28,ACTIVE
PT4G0162,PT_SITE_Vila Nova de Gaia_008,eNB_Vila Nova de Gaia_008,4G,41.10753558633533,-8.57925225448629,RTR_Vila Nova de Gaia_03,Gi0/0/2,Norte,Vila Nova de Gaia,2020-04-04,ACTIVE
PT4G0163,PT_SITE_Vila Nova de Gaia_009,eNB_Vila Nova de Gaia_009,4G,41.10377965237001,-8.645383772255755,RTR_Vila Nova de Gaia_03,Gi0/0/3,Norte,Vila Nova de Gaia,2020-07-18,ACTIVE
PT4G0164,PT_SITE_Vila Nova de Gaia_010,eNB_Vila Nova de Gaia_010,4G,41.14706221747,-8.60526674612074,RTR_Vila Nova de Gaia_04,Gi0/0/1,Norte,Vila Nova de Gaia,2019-10-27,ACTIVE
PT4G0165,PT_SITE_Vila Nova de Gaia_011,eNB_Vila Nova de Gaia_011,4G,41.13638239634104,-8.608533089814715,RTR_Vila Nova de Gaia_04,Gi0/0/2,Norte,Vila Nova de Gaia,2018-12-06,ACTIVE
PT4G0166,PT_SITE_Vila Nova de Gaia_012,eNB_Vila Nova de Gaia_012,4G,41.12365506454306,-8.639045087429716,RTR_Vila Nova de Gaia_04,Gi0/0/3,Norte,Vila Nova de Gaia,2019-09-02,ACTIVE
PT4G0167,PT_SITE_Vila Nova de Gaia_013,eNB_Vila Nova de Gaia_013,4G,41.12541609116387,-8.634643234230243,RTR_Vila Nova de Gaia_05,Gi0/0/1,Norte,Vila Nova de Gaia,2023-05-18,ACTIVE
PT4G0168,PT_SITE_Vila Nova de Gaia_014,eNB_Vila Nova de Gaia_014,4G,41.14340239466836,-8.624041147630043,RTR_Vila Nova de Gaia_05,Gi0/0/2,Norte,Vila Nova de Gaia,2021-12-14,ACTIVE
PT4G0169,PT_SITE_Vila Nova de Gaia_015,eNB_Vila Nova de Gaia_015,4G,41.10739005606415,-8.62752771683306,RTR_Vila Nova de Gaia_05,Gi0/0/3,Norte,Vila Nova de Gaia,2022-03-19,ACTIVE
PT4G0170,PT_SITE_Vila Nova de Gaia_016,eNB_Vila Nova de Gaia_016,4G,41.13215862908551,-8.63237449105608,RTR_Vila Nova de Gaia_06,Gi0/0/1,Norte,Vila Nova de Gaia,2024-01-06,ACTIVE
PT4G0171,PT_SITE_Vila Nova de Gaia_017,eNB_Vila Nova de Gaia_017,4G,41.10745559208867,-8.616226255770162,RTR_Vila Nova de Gaia_06,Gi0/0/2,Norte,Vila Nova de Gaia,2020-12-10,ACTIVE
PT4G0172,PT_SITE_Vila Nova de Gaia_018,eNB_Vila Nova de Gaia_018,4G,41.12879933142217,-8.631238863507424,RTR_Vila Nova de Gaia_06,Gi0/0/3,Norte,Vila Nova de Gaia,2024-06-30,ACTIVE
PT4G0173,PT_SITE_Vila Nova de Gaia_019,eNB_Vila Nova de Gaia_019,4G,41.114479233887636,-8.616459001252847,RTR_Vila Nova de Gaia_07,Gi0/0/1,Norte,Vila Nova de Gaia,2022-02-25,ACTIVE
PT4G0174,PT_SITE_Vila Nova de Gaia_020,eNB_Vila Nova de Gaia_020,4G,41.094938313170054,-8.64924927548753,RTR_Vila Nova de Gaia_07,Gi0/0/2,Norte,Vila Nova de Gaia,2022-04-06,ACTIVE
PT4G0175,PT_SITE_Vila Nova de Gaia_021,eNB_Vila Nova de Gaia_021,4G,41.10953111557495,-8.625368943034237,RTR_Vila Nova de Gaia_07,Gi0/0/3,Norte,Vila Nova de Gaia,2024-08-26,ACTIVE
PT4G0176,PT_SITE_Vila Nova de Gaia_022,eNB_Vila Nova de Gaia_022,4G,41.13011815131196,-8.591592875661009,RTR_Vila Nova de Gaia_08,Gi0/0/1,Norte,Vila Nova de Gaia,2023-12-09,ACTIVE
PT4G0177,PT_SITE_Vila Nova de Gaia_023,eNB_Vila Nova de Gaia_023,4G,41.14105319246404,-8.62429877059927,RTR_Vila Nova de Gaia_08,Gi0/0/2,Norte,Vila Nova de Gaia,2024-01-27,ACTIVE
PT4G0178,PT_SITE_Vila Nova de Gaia_024,eNB_Vila Nova de Gaia_024,4G,41.12351967584195,-8.641150587292756,RTR_Vila Nova de Gaia_08,Gi0/0/3,Norte,Vila Nova de Gaia,2022-03-02,ACTIVE
PT4G0179,PT_SITE_Vila Nova de Gaia_025,eNB_Vila Nova de Gaia_025,4G,41.12352973728015,-8.626873172778403,RTR_Vila Nova de Gaia_09,Gi0/0/1,Norte,Vila Nova de Gaia,2023-12-23,ACTIVE
PT4G0180,PT_SITE_Vila Nova de Gaia_026,eNB_Vila Nova de Gaia_026,4G,41.130354371206764,-8.637644618871047,RTR_Vila Nova de Gaia_09,Gi0/0/2,Norte,Vila Nova de Gaia,2024-05-19,ACTIVE
PT4G0181,PT_SITE_Vila Nova de Gaia_027,eNB_Vila Nova de Gaia_027,4G,41.13428693028482,-8.590445221739948,RTR_Vila Nova de Gaia_09,Gi0/0/3,Norte,Vila Nova de Gaia,2021-01-10,ACTIVE
PT4G0182,PT_SITE_Vila Nova de Gaia_028,eNB_Vila Nova de Gaia_028,4G,41.121724797030865,-8.613065765558021,RTR_Vila Nova de Gaia_10,Gi0/0/1,Norte,Vila Nova de Gaia,2023-12-09,ACTIVE
PT4G0183,PT_SITE_Vila Nova de Gaia_029,eNB_Vila Nova de Gaia_029,4G,41.13770287983422,-8.629124409437717,RTR_Vila Nova de Gaia_10,Gi0/0/2,Norte,Vila Nova de Gaia,2018-12-20,ACTIVE
PT4G0184,PT_SITE_Vila Nova de Gaia_030,eNB_Vila Nova de Gaia_030,4G,41.128381849636206,-8.620848151984365,RTR_Vila Nova de Gaia_10,Gi0/0/3,Norte,Vila Nova de Gaia,2022-01-24,ACTIVE
PT4G0185,PT_SITE_Vila Nova de Gaia_031,eNB_Vila Nova de Gaia_031,4G,41.125853521970974,-8.63656019567711,RTR_Vila Nova de Gaia_11,Gi0/0/1,Norte,Vila Nova de Gaia,2021-08-11,ACTIVE
PT4G0186,PT_SITE_Vila Nova de Gaia_032,eNB_Vila Nova de Gaia_032,4G,41.12439020348518,-8.611140034175092,RTR_Vila Nova de Gaia_11,Gi0/0/2,Norte,Vila Nova de Gaia,2019-04-16,ACTIVE
PT4G0187,PT_SITE_Vila Nova de Gaia_033,eNB_Vila Nova de Gaia_033,4G,41.1529228721559,-8.601914583478296,RTR_Vila Nova de Gaia_11,Gi0/0/3,Norte,Vila Nova de Gaia,2022-05-01,ACTIVE
PT4G0188,PT_SITE_Vila Nova de Gaia_034,eNB_Vila Nova de Gaia_034,4G,41.16696364915023,-8.636446951257762,RTR_Vila Nova de Gaia_12,Gi0/0/1,Norte,Vila Nova de Gaia,2023-04-02,ACTIVE
PT4G0189,PT_SITE_Vila Nova de Gaia_035,eNB_Vila Nova de Gaia_035,4G,41.141346412734414,-8.617433159885232,RTR_Vila Nova de Gaia_12,Gi0/0/2,Norte,Vila Nova de Gaia,2019-06-07,ACTIVE
PT4G0190,PT_SITE_Vila Nova de Gaia_036,eNB_Vila Nova de Gaia_036,4G,41.167696058664355,-8.637265965707103,RTR_Vila Nova de Gaia_12,Gi0/0/3,Norte,Vila Nova de Gaia,2022-01-03,ACTIVE
PT4G0191,PT_SITE_Vila Nova de Gaia_037,eNB_Vila Nova de Gaia_037,4G,41.10710556315638,-8.633087852908881,RTR_Vila Nova de Gaia_13,Gi0/0/1,Norte,Vila Nova de Gaia,2019-06-06,ACTIVE
PT4G0192,PT_SITE_Vila Nova de Gaia_038,eNB_Vila Nova de Gaia_038,4G,41.0814220855138,-8.631615100433615,RTR_Vila Nova de Gaia_13,Gi0/0/2,Norte,Vila Nova de Gaia,2020-03-02,ACTIVE
PT4G0193,PT_SITE_Vila Nova de Gaia_039,eNB_Vila Nova de Gaia_039,4G,41.10871734676893,-8.618092124270476,RTR_Vila Nova de Gaia_13,Gi0/0/3,Norte,Vila Nova de Gaia,2022-08-07,ACTIVE
PT4G0194,PT_SITE_Vila Nova de Gaia_040,eNB_Vila Nova de Gaia_040,4G,41.13073511951554,-8.583576583215683,RTR_Vila Nova de Gaia_14,Gi0/0/1,Norte,Vila Nova de Gaia,2023-09-04,ACTIVE
PT4G0195,PT_SITE_Vila Nova de Gaia_041,eNB_Vila Nova de Gaia_041,4G,41.14290847676372,-8.632638073113249,RTR_Vila Nova de Gaia_14,Gi0/0/2,Norte,Vila Nova de Gaia,2023-08-24,ACTIVE
PT4G0196,PT_SITE_Vila Nova de Gaia_042,eNB_Vila Nova de Gaia_042,4G,41.10593170657303,-8.61126161656987,RTR_Vila Nova de Gaia_14,Gi0/0/3,Norte,Vila Nova de Gaia,2019-11-25,ACTIVE
PT5G0197,PT_SITE_Vila Nova de Gaia_043,gNB_Vila Nova de Gaia_001,5G,41.10409650189469,-8.593628118512186,RTR_Vila Nova de Gaia_01,Gi0/1/1,Norte,Vila Nova de Gaia,2024-06-29,ACTIVE
PT5G0198,PT_SITE_Vila Nova de Gaia_044,gNB_Vila Nova de Gaia_002,5G,41.141591601810816,-8.62813763478157,RTR_Vila Nova de Gaia_01,Gi0/1/2,Norte,Vila Nova de Gaia,2024-04-19,ACTIVE
PT5G0199,PT_SITE_Vila Nova de Gaia_045,gNB_Vila Nova de Gaia_003,5G,41.09820298206363,-8.60079191438752,RTR_Vila Nova de Gaia_02,Gi0/1/1,Norte,Vila Nova de Gaia,2024-05-02,ACTIVE
PT5G0200,PT_SITE_Vila Nova de Gaia_046,gNB_Vila Nova de Gaia_004,5G,41.12218190232121,-8.602532755320398,RTR_Vila Nova de Gaia_02,Gi0/1/2,Norte,Vila Nova de Gaia,2024-03-05,ACTIVE
PT5G0201,PT_SITE_Vila Nova de Gaia_047,gNB_Vila Nova de Gaia_005,5G,41.09998358511808,-8.630090625344307,RTR_Vila Nova de Gaia_03,Gi0/1/1,Norte,Vila Nova de Gaia,2025-05-02,ACTIVE
PT5G0202,PT_SITE_Vila Nova de Gaia_048,gNB_Vila Nova de Gaia_006,5G,41.12397865549577,-8.620395291093528,RTR_Vila Nova de Gaia_03,Gi0/1/2,Norte,Vila Nova de Gaia,2025-03-18,ACTIVE
PT5G0203,PT_SITE_Vila Nova de Gaia_049,gNB_Vila Nova de Gaia_007,5G,41.11714901792781,-8.611757251014788,RTR_Vila Nova de Gaia_04,Gi0/1/1,Norte,Vila Nova de Gaia,2025-04-25,ACTIVE
PT5G0204,PT_SITE_Vila Nova de Gaia_050,gNB_Vila Nova de Gaia_008,5G,41.10788569355926,-8.623235692275319,RTR_Vila Nova de Gaia_04,Gi0/1/2,Norte,Vila Nova de Gaia,2024-05-10,ACTIVE
PT5G0205,PT_SITE_Vila Nova de Gaia_051,gNB_Vila Nova de Gaia_009,5G,41.12570443447568,-8.61338341748912,RTR_Vila Nova de Gaia_05,Gi0/1/1,Norte,Vila Nova de Gaia,2024-07-14,ACTIVE
PT5G0206,PT_SITE_Vila Nova de Gaia_052,gNB_Vila Nova de Gaia_010,5G,41.134574223171334,-8.637969631377569,RTR_Vila Nova de Gaia_05,Gi0/1/2,Norte,Vila Nova de Gaia,2025-03-07,ACTIVE
PT5G0207,PT_SITE_Vila Nova de Gaia_053,gNB_Vila Nova de Gaia_011,5G,41.10088828743896,-8.601934847671522,RTR_Vila Nova de Gaia_06,Gi0/1/1,Norte,Vila Nova de Gaia,2024-10-15,ACTIVE
PT5G0208,PT_SITE_Vila Nova de Gaia_054,gNB_Vila Nova de Gaia_012,5G,41.12888471017969,-8.632327298048349,RTR_Vila Nova de Gaia_06,Gi0/1/2,Norte,Vila Nova de Gaia,2024-12-12,ACTIVE
PT5G0209,PT_SITE_Vila Nova de Gaia_055,gNB_Vila Nova de Gaia_013,5G,41.14716727963284,-8.619364880485607,RTR_Vila Nova de Gaia_07,Gi0/1/1,Norte,Vila Nova de Gaia,2024-12-14,ACTIVE
PT5G0210,PT_SITE_Vila Nova de Gaia_056,gNB_Vila Nova de Gaia_014,5G,41.14158945776096,-8.62008722277885,RTR_Vila Nova de Gaia_07,Gi0/1/2,Norte,Vila Nova de Gaia,2023-12-25,ACTIVE
PT5G0211,PT_SITE_Vila Nova de Gaia_057,gNB_Vila Nova de Gaia_015,5G,41.15481121887323,-8.594769887363352,RTR_Vila Nova de Gaia_08,Gi0/1/1,Norte,Vila Nova de Gaia,2024-03-24,ACTIVE
PT5G0212,PT_SITE_Vila Nova de Gaia_058,gNB_Vila Nova de Gaia_016,5G,41.12016553777281,-8.606526435735685,RTR_Vila Nova de Gaia_08,Gi0/1/2,Norte,Vila Nova de Gaia,2025-02-03,ACTIVE
PT5G0213,PT_SITE_Vila Nova de Gaia_059,gNB_Vila Nova de Gaia_017,5G,41.133580639243775,-8.600570526637014,RTR_Vila Nova de Gaia_09,Gi0/1/1,Norte,Vila Nova de Gaia,2024-04-20,ACTIVE
PT5G0214,PT_SITE_Vila Nova de Gaia_060,gNB_Vila Nova de Gaia_018,5G,41.109426148091295,-8.610809228100024,RTR_Vila Nova de Gaia_09,Gi0/1/2,Norte,Vila Nova de Gaia,2024-12-21,ACTIVE
PT4G0215,PT_SITE_Amadora_001,eNB_Amadora_001,4G,38.77476848973699,-9.265374789728462,RTR_Amadora_01,Gi0/0/1,Lisboa,Amadora,2021-08-11,ACTIVE
PT4G0216,PT_SITE_Amadora_002,eNB_Amadora_002,4G,38.72993482974668,-9.270984643555202,RTR_Amadora_01,Gi0/0/2,Lisboa,Amadora,2019-07-19,ACTIVE
PT4G0217,PT_SITE_Amadora_003,eNB_Amadora_003,4G,38.748211863311106,-9.215849154884081,RTR_Amadora_01,Gi0/0/3,Lisboa,Amadora,2021-12-06,ACTIVE
PT4G0218,PT_SITE_Amadora_004,eNB_Amadora_004,4G,38.78364714104192,-9.228718104391605,RTR_Amadora_02,Gi0/0/1,Lisboa,Amadora,2023-11-21,ACTIVE
PT4G0219,PT_SITE_Amadora_005,eNB_Amadora_005,4G,38.786172310911425,-9.257802029164298,RTR_Amadora_02,Gi0/0/2,Lisboa,Amadora,2019-10-06,ACTIVE
PT4G0220,PT_SITE_Amadora_006,eNB_Amadora_006,4G,38.7195323512129,-9.231310953977932,RTR_Amadora_02,Gi0/0/3,Lisboa,Amadora,2023-08-20,ACTIVE
PT4G0221,PT_SITE_Amadora_007,eNB_Amadora_007,4G,38.76128130897879,-9.230853894961882,RTR_Amadora_03,Gi0/0/1,Lisboa,Amadora,2024-03-01,ACTIVE
PT4G0222,PT_SITE_Amadora_008,eNB_Amadora_008,4G,38.7122511579992,-9.231982400790256,RTR_Amadora_03,Gi0/0/2,Lisboa,Amadora,2024-07-26,ACTIVE
PT4G0223,PT_SITE_Amadora_009,eNB_Amadora_009,4G,38.7275106099899,-9.2168065490234,RTR_Amadora_03,Gi0/0/3,Lisboa,Amadora,2023-09-08,ACTIVE
PT4G0224,PT_SITE_Amadora_010,eNB_Amadora_010,4G,38.76093196492194,-9.248997595726546,RTR_Amadora_04,Gi0/0/1,Lisboa,Amadora,2022-01-30,ACTIVE
PT4G0225,PT_SITE_Amadora_011,eNB_Amadora_011,4G,38.743322661653266,-9.251384270437779,RTR_Amadora_04,Gi0/0/2,Lisboa,Amadora,2022-11-13,ACTIVE
PT4G0226,PT_SITE_Amadora_012,eNB_Amadora_012,4G,38.752346418054536,-9.211097153589975,RTR_Amadora_04,Gi0/0/3,Lisboa,Amadora,2020-03-05,ACTIVE
PT4G0227,PT_SITE_Amadora_013,eNB_Amadora_013,4G,38.73388547907329,-9.220119069689643,RTR_Amadora_05,Gi0/0/1,Lisboa,Amadora,2019-04-15,ACTIVE
PT4G0228,PT_SITE_Amadora_014,eNB_Amadora_014,4G,38.74299484763255,-9.246057456645246,RTR_Amadora_05,Gi0/0/2,Lisboa,Amadora,2019-05-03,ACTIVE
PT4G0229,PT_SITE_Amadora_015,eNB_Amadora_015,4G,38.75145939280091,-9.250904846448387,RTR_Amadora_05,Gi0/0/3,Lisboa,Amadora,2022-05-03,ACTIVE
PT4G0230,PT_SITE_Amadora_016,eNB_Amadora_016,4G,38.74252701389305,-9.254157557851777,RTR_Amadora_06,Gi0/0/1,Lisboa,Amadora,2020-03-27,ACTIVE
PT4G0231,PT_SITE_Amadora_017,eNB_Amadora_017,4G,38.79289450265833,-9.229494728960566,RTR_Amadora_06,Gi0/0/2,Lisboa,Amadora,2024-01-28,ACTIVE
PT4G0232,PT_SITE_Amadora_018,eNB_Amadora_018,4G,38.739605489840145,-9.225920401785315,RTR_Amadora_06,Gi0/0/3,Lisboa,Amadora,2022-11-20,ACTIVE
PT4G0233,PT_SITE_Amadora_019,eNB_Amadora_019,4G,38.75135343900618,-9.234619391990664,RTR_Amadora_07,Gi0/0/1,Lisboa,Amadora,2020-06-25,ACTIVE
PT4G0234,PT_SITE_Amadora_020,eNB_Amadora_020,4G,38.76588333400087,-9.215049845799054,RTR_Amadora_07,Gi0/0/2,Lisboa,Amadora,2024-09-16,ACTIVE
PT4G0235,PT_SITE_Amadora_021,eNB_Amadora_021,4G,38.74298997704779,-9.241716364812893,RTR_Amadora_07,Gi0/0/3,Lisboa,Amadora,2020-05-09,ACTIVE
PT4G0236,PT_SITE_Amadora_022,eNB_Amadora_022,4G,38.748098966056965,-9.276238423294712,RTR_Amadora_08,Gi0/0/1,Lisboa,Amadora,2021-10-04,ACTIVE
PT4G0237,PT_SITE_Amadora_023,eNB_Amadora_023,4G,38.72329617875603,-9.202862514651109,RTR_Amadora_08,Gi0/0/2,Lisboa,Amadora,2019-08-19,ACTIVE
PT4G0238,PT_SITE_Amadora_024,eNB_Amadora_024,4G,38.78649935427003,-9.235180720791128,RTR_Amadora_08,Gi0/0/3,Lisboa,Amadora,2021-07-14,ACTIVE
PT5G0239,PT_SITE_Amadora_025,gNB_Amadora_001,5G,38.76224835444584,-9.225531247681847,RTR_Amadora_01,Gi0/1/1,Lisboa,Amadora,2024-04-19,ACTIVE
PT5G0240,PT_SITE_Amadora_026,gNB_Amadora_002,5G,38.799783212126826,-9.213406376328482,RTR_Amadora_01,Gi0/1/2,Lisboa,Amadora,2023-12-05,ACTIVE
PT5G0241,PT_SITE_Amadora_027,gNB_Amadora_003,5G,38.75168123612779,-9.244533106609007,RTR_Amadora_02,Gi0/1/1,Lisboa,Amadora,2024-02-14,ACTIVE
PT5G0242,PT_SITE_Amadora_028,gNB_Amadora_004,5G,38.72950330519613,-9.227148045461991,RTR_Amadora_02,Gi0/1/2,Lisboa,Amadora,2025-01-19,ACTIVE
PT5G0243,PT_SITE_Amadora_029,gNB_Amadora_005,5G,38.74225473882073,-9.251533805643964,RTR_Amadora_03,Gi0/1/1,Lisboa,Amadora,2024-12-14,ACTIVE
PT5G0244,PT_SITE_Amadora_030,gNB_Amadora_006,5G,38.74390140673636,-9.246423220054217,RTR_Amadora_03,Gi0/1/2,Lisboa,Amadora,2024-08-27,ACTIVE
PT5G0245,PT_SITE_Amadora_031,gNB_Amadora_007,5G,38.778907124526086,-9.216975403645758,RTR_Amadora_04,Gi0/1/1,Lisboa,Amadora,2024-11-16,ACTIVE
PT5G0246,PT_SITE_Amadora_032,gNB_Amadora_008,5G,38.75348041038025,-9.20800083791665,RTR_Amadora_04,Gi0/1/2,Lisboa,Amadora,2025-04-28,ACTIVE
PT5G0247,PT_SITE_Amadora_033,gNB_Amadora_009,5G,38.75476052461471,-9.243119263019924,RTR_Amadora_05,Gi0/1/1,Lisboa,Amadora,2023-11-11,ACTIVE
PT5G0248,PT_SITE_Amadora_034,gNB_Amadora_010,5G,38.776446861159044,-9.22211634934473,RTR_Amadora_05,Gi0/1/2,Lisboa,Amadora,2023-12-19,ACTIVE
PT4G0249,PT_SITE_Braga_001,eNB_Braga_001,4G,41.53105507691347,-8.426706773561673,RTR_Braga_01,Gi0/0/1,Norte,Braga,2024-01-19,ACTIVE
PT4G0250,PT_SITE_Braga_002,eNB_Braga_002,4G,41.534287634932305,-8.450555994619288,RTR_Braga_01,Gi0/0/2,Norte,Braga,2021-03-20,ACTIVE
PT4G0251,PT_SITE_Braga_003,eNB_Braga_003,4G,41.57032355095063,-8.384711667190597,RTR_Braga_01,Gi0/0/3,Norte,Braga,2024-02-03,ACTIVE
PT4G0252,PT_SITE_Braga_004,eNB_Braga_004,4G,41.52382864852362,-8.411640615266188,RTR_Braga_02,Gi0/0/1,Norte,Braga,2024-03-03,ACTIVE
PT4G0253,PT_SITE_Braga_005,eNB_Braga_005,4G,41.538787148617565,-8.432642507675293,RTR_Braga_02,Gi0/0/2,Norte,Braga,2019-05-22,ACTIVE
PT4G0254,PT_SITE_Braga_006,eNB_Braga_006,4G,41.53995212151522,-8.440179815393597,RTR_Braga_02,Gi0/0/3,Norte,Braga,2019-02-04,ACTIVE
PT4G0255,PT_SITE_Braga_007,eNB_Braga_007,4G,41.552770432558894,-8.439519002328222,RTR_Braga_03,Gi0/0/1,Norte,Braga,2018-10-11,ACTIVE
PT4G0256,PT_SITE_Braga_008,eNB_Braga_008,4G,41.557209136515596,-8.423904762188982,RTR_Braga_03,Gi0/0/2,Norte,Braga,2022-12-20,ACTIVE
PT4G0257,PT_SITE_Braga_009,eNB_Braga_009,4G,41.54702103906267,-8.441051273240832,RTR_Braga_03,Gi0/0/3,Norte,Braga,2024-02-05,ACTIVE
PT4G0258,PT_SITE_Braga_010,eNB_Braga_010,4G,41.54026457338863,-8.407792175483484,RTR_Braga_04,Gi0/0/1,Norte,Braga,2019-01-14,ACTIVE
PT4G0259,PT_SITE_Braga_011,eNB_Braga_011,4G,41.561818343752485,-8.442451104895971,RTR_Braga_04,Gi0/0/2,Norte,Braga,2023-11-01,ACTIVE
PT4G0260,PT_SITE_Braga_012,eNB_Braga_012,4G,41.553786646108584,-8.407872257532565,RTR_Braga_04,Gi0/0/3,Norte,Braga,2022-08-25,ACTIVE
PT4G0261,PT_SITE_Braga_013,eNB_Braga_013,4G,41.51841189437757,-8.4120327961524,RTR_Braga_05,Gi0/0/1,Norte,Braga,2023-12-19,ACTIVE
PT4G0262,PT_SITE_Braga_014,eNB_Braga_014,4G,41.538547524821084,-8.411488026628136,RTR_Braga_05,Gi0/0/2,Norte,Braga,2023-12-21,ACTIVE
PT4G0263,PT_SITE_Braga_015,eNB_Braga_015,4G,41.53653481686915,-8.45899764201329,RTR_Braga_05,Gi0/0/3,Norte,Braga,2022-02-04,ACTIVE
PT4G0264,PT_SITE_Braga_016,eNB_Braga_016,4G,41.519249151242335,-8.421938301066772,RTR_Braga_06,Gi0/0/1,Norte,Braga,2020-03-16,ACTIVE
PT4G0265,PT_SITE_Braga_017,eNB_Braga_017,4G,41.55699445003443,-8.440986332502089,RTR_Braga_06,Gi0/0/2,Norte,Braga,2023-05-22,ACTIVE
PT4G0266,PT_SITE_Braga_018,eNB_Braga_018,4G,41.56457184917555,-8.45613040124538,RTR_Braga_06,Gi0/0/3,Norte,Braga,2021-12-21,ACTIVE
PT4G0267,PT_SITE_Braga_019,eNB_Braga_019,4G,41.550478404027054,-8.44712032399525,RTR_Braga_07,Gi0/0/1,Norte,Braga,2024-04-15,ACTIVE
PT4G0268,PT_SITE_Braga_020,eNB_Braga_020,4G,41.538763277843955,-8.421952026573672,RTR_Braga_07,Gi0/0/2,Norte,Braga,2023-10-25,ACTIVE
PT4G0269,PT_SITE_Braga_021,eNB_Braga_021,4G,41.534591732694324,-8.430591110884597,RTR_Braga_07,Gi0/0/3,Norte,Braga,2020-01-12,ACTIVE
PT4G0270,PT_SITE_Braga_022,eNB_Braga_022,4G,41.571925856184286,-8.434437837390464,RTR_Braga_08,Gi0/0/1,Norte,Braga,2018-11-14,ACTIVE
PT4G0271,PT_SITE_Braga_023,eNB_Braga_023,4G,41.5685138422413,-8.445494137093153,RTR_Braga_08,Gi0/0/2,Norte,Braga,2021-03-09,ACTIVE
PT4G0272,PT_SITE_Braga_024,eNB_Braga_024,4G,41.562396083558305,-8.394068627586842,RTR_Braga_08,Gi0/0/3,Norte,Braga,2021-10-22,ACTIVE
PT4G0273,PT_SITE_Braga_025,eNB_Braga_025,4G,41.50236710999746,-8.43883790510941,RTR_Braga_09,Gi0/0/1,Norte,Braga,2022-06-11,ACTIVE
PT4G0274,PT_SITE_Braga_026,eNB_Braga_026,4G,41.56334144254361,-8.42696090772086,RTR_Braga_09,Gi0/0/2,Norte,Braga,2021-03-18,ACTIVE
PT5G0275,PT_SITE_Braga_027,gNB_Braga_001,5G,41.55736718810057,-8.431959777800738,RTR_Braga_01,Gi0/1/1,Norte,Braga,2024-10-25,ACTIVE
PT5G0276,PT_SITE_Braga_028,gNB_Braga_002,5G,41.55309884681209,-8.425235158530882,RTR_Braga_01,Gi0/1/2,Norte,Braga,2024-09-28,ACTIVE
PT5G0277,PT_SITE_Braga_029,gNB_Braga_003,5G,41.569316730924896,-8.419083687350483,RTR_Braga_02,Gi0/1/1,Norte,Braga,2024-05-17,ACTIVE
PT5G0278,PT_SITE_Braga_030,gNB_Braga_004,5G,41.55686403993113,-8.429078154491837,RTR_Braga_02,Gi0/1/2,Norte,Braga,2025-02-12,ACTIVE
PT5G0279,PT_SITE_Braga_031,gNB_Braga_005,5G,41.54448590663891,-8.429388372817295,RTR_Braga_03,Gi0/1/1,Norte,Braga,2024-08-23,ACTIVE
PT5G0280,PT_SITE_Braga_032,gNB_Braga_006,5G,41.55771678213567,-8.429214767212304,RTR_Braga_03,Gi0/1/2,Norte,Braga,2024-03-15,ACTIVE
PT5G0281,PT_SITE_Braga_033,gNB_Braga_007,5G,41.55614662285345,-8.391768988020319,RTR_Braga_04,Gi0/1/1,Norte,Braga,2024-08-07,ACTIVE
PT5G0282,PT_SITE_Braga_034,gNB_Braga_008,5G,41.56486687055148,-8.427790352982518,RTR_Braga_04,Gi0/1/2,Norte,Braga,2025-04-13,ACTIVE
PT5G0283,PT_SITE_Braga_035,gNB_Braga_009,5G,41.56981820883246,-8.429021130595324,RTR_Braga_05,Gi0/1/1,Norte,Braga,2025-06-17,ACTIVE
PT5G0284,PT_SITE_Braga_036,gNB_Braga_010,5G,41.52122813197233,-8.438021294663761,RTR_Braga_05,Gi0/1/2,Norte,Braga,2024-03-14,ACTIVE
PT5G0285,PT_SITE_Braga_037,gNB_Braga_011,5G,41.523738121184614,-8.42817270226062,RTR_Braga_06,Gi0/1/1,Norte,Braga,2023-09-29,ACTIVE
PT4G0286,PT_SITE_Almada_001,eNB_Almada_001,4G,38.67976836758379,-9.123171253754496,RTR_Almada_01,Gi0/0/1,Lisboa,Almada,2023-08-12,ACTIVE
PT4G0287,PT_SITE_Almada_002,eNB_Almada_002,4G,38.68593854747528,-9.161082010576179,RTR_Almada_01,Gi0/0/2,Lisboa,Almada,2023-11-29,ACTIVE
PT4G0288,PT_SITE_Almada_003,eNB_Almada_003,4G,38.69598811162367,-9.200922706180158,RTR_Almada_01,Gi0/0/3,Lisboa,Almada,2022-05-05,ACTIVE
PT4G0289,PT_SITE_Almada_004,eNB_Almada_004,4G,38.68411229116217,-9.14128269612226,RTR_Almada_02,Gi0/0/1,Lisboa,Almada,2019-01-22,ACTIVE
PT4G0290,PT_SITE_Almada_005,eNB_Almada_005,4G,38.6498282750844,-9.133824919135861,RTR_Almada_02,Gi0/0/2,Lisboa,Almada,2021-10-04,ACTIVE
PT4G0291,PT_SITE_Almada_006,eNB_Almada_006,4G,38.68616992814989,-9.165005758278017,RTR_Almada_02,Gi0/0/3,Lisboa,Almada,2023-04-01,ACTIVE
PT4G0292,PT_SITE_Almada_007,eNB_Almada_007,4G,38.69205563732213,-9.111286142843912,RTR_Almada_03,Gi0/0/1,Lisboa,Almada,2020-10-26,ACTIVE
PT4G0293,PT_SITE_Almada_008,eNB_Almada_008,4G,38.68303732510117,-9.151735588273993,RTR_Almada_03,Gi0/0/2,Lisboa,Almada,2023-12-18,ACTIVE
PT4G0294,PT_SITE_Almada_009,eNB_Almada_009,4G,38.670212782009195,-9.173696887389296,RTR_Almada_03,Gi0/0/3,Lisboa,Almada,2021-12-29,ACTIVE
PT4G0295,PT_SITE_Almada_010,eNB_Almada_010,4G,38.696006716330885,-9.173821676518179,RTR_Almada_04,Gi0/0/1,Lisboa,Almada,2020-08-03,ACTIVE
PT4G0296,PT_SITE_Almada_011,eNB_Almada_011,4G,38.68083132474439,-9.166253148935303,RTR_Almada_04,Gi0/0/2,Lisboa,Almada,2021-07-15,ACTIVE
PT4G0297,PT_SITE_Almada_012,eNB_Almada_012,4G,38.688979596514926,-9.150026757894262,RTR_Almada_04,Gi0/0/3,Lisboa,Almada,2022-12-18,ACTIVE
PT4G0298,PT_SITE_Almada_013,eNB_Almada_013,4G,38.70015079888516,-9.166900327977096,RTR_Almada_05,Gi0/0/1,Lisboa,Almada,2019-10-27,ACTIVE
PT4G0299,PT_SITE_Almada_014,eNB_Almada_014,4G,38.67400250129413,-9.176275274315646,RTR_Almada_05,Gi0/0/2,Lisboa,Almada,2021-05-04,ACTIVE
PT4G0300,PT_SITE_Almada_015,eNB_Almada_015,4G,38.67051413479848,-9.149153990139103,RTR_Almada_05,Gi0/0/3,Lisboa,Almada,2018-10-20,ACTIVE
PT4G0301,PT_SITE_Almada_016,eNB_Almada_016,4G,38.69453977233291,-9.175143306483553,RTR_Almada_06,Gi0/0/1,Lisboa,Almada,2024-08-23,ACTIVE
PT4G0302,PT_SITE_Almada_017,eNB_Almada_017,4G,38.696792118402115,-9.129587242823902,RTR_Almada_06,Gi0/0/2,Lisboa,Almada,2021-05-17,ACTIVE
PT4G0303,PT_SITE_Almada_018,eNB_Almada_018,4G,38.68766869806448,-9.119164083748839,RTR_Almada_06,Gi0/0/3,Lisboa,Almada,2023-07-28,ACTIVE
PT4G0304,PT_SITE_Almada_019,eNB_Almada_019,4G,38.66392421601793,-9.18159309406623,RTR_Almada_07,Gi0/0/1,Lisboa,Almada,2023-03-24,ACTIVE
PT4G0305,PT_SITE_Almada_020,eNB_Almada_020,4G,38.643825595021916,-9.126779113770217,RTR_Almada_07,Gi0/0/2,Lisboa,Almada,2021-10-07,ACTIVE
PT4G0306,PT_SITE_Almada_021,eNB_Almada_021,4G,38.69248731312708,-9.15781169341821,RTR_Almada_07,Gi0/0/3,Lisboa,Almada,2023-06-10,ACTIVE
PT4G0307,PT_SITE_Almada_022,eNB_Almada_022,4G,38.6849993725264,-9.179209780945968,RTR_Almada_08,Gi0/0/1,Lisboa,Almada,2023-07-14,ACTIVE
PT4G0308,PT_SITE_Almada_023,eNB_Almada_023,4G,38.72831503959234,-9.154115576360496,RTR_Almada_08,Gi0/0/2,Lisboa,Almada,2022-12-28,ACTIVE
PT5G0309,PT_SITE_Almada_024,gNB_Almada_001,5G,38.68104092191908,-9.14581350064152,RTR_Almada_01,Gi0/1/1,Lisboa,Almada,2024-09-21,ACTIVE
PT5G0310,PT_SITE_Almada_025,gNB_Almada_002,5G,38.68661513847605,-9.153341739635813,RTR_Almada_01,Gi0/1/2,Lisboa,Almada,2024-09-11,ACTIVE
PT5G0311,PT_SITE_Almada_026,gNB_Almada_003,5G,38.66754288316832,-9.14962797464296,RTR_Almada_02,Gi0/1/1,Lisboa,Almada,2023-10-16,ACTIVE
PT5G0312,PT_SITE_Almada_027,gNB_Almada_004,5G,38.70763036744712,-9.136518699307675,RTR_Almada_02,Gi0/1/2,Lisboa,Almada,2024-11-23,ACTIVE
PT5G0313,PT_SITE_Almada_028,gNB_Almada_005,5G,38.70329779939959,-9.164368235146469,RTR_Almada_03,Gi0/1/1,Lisboa,Almada,2024-07-10,ACTIVE
PT5G0314,PT_SITE_Almada_029,gNB_Almada_006,5G,38.66455592769612,-9.158586803801496,RTR_Almada_03,Gi0/1/2,Lisboa,Almada,2024-11-30,ACTIVE
PT5G0315,PT_SITE_Almada_030,gNB_Almada_007,5G,38.68023587368433,-9.140287127222937,RTR_Almada_04,Gi0/1/1,Lisboa,Almada,2024-09-29,ACTIVE
PT5G0316,PT_SITE_Almada_031,gNB_Almada_008,5G,38.65401303055428,-9.13375674520809,RTR_Almada_04,Gi0/1/2,Lisboa,Almada,2024-01-26,ACTIVE
PT5G0317,PT_SITE_Almada_032,gNB_Almada_009,5G,38.677029881521314,-9.163103216049212,RTR_Almada_05,Gi0/1/1,Lisboa,Almada,2024-02-12,ACTIVE
PT5G0318,PT_SITE_Almada_033,gNB_Almada_010,5G,38.6642184343711,-9.181522850077988,RTR_Almada_05,Gi0/1/2,Lisboa,Almada,2024-10-12,ACTIVE
PT4G0319,PT_SITE_Coimbra_001,eNB_Coimbra_001,4G,40.21976341167924,-8.408833640656232,RTR_Coimbra_01,Gi0/0/1,Centro,Coimbra,2024-02-29,ACTIVE
PT4G0320,PT_SITE_Coimbra_002,eNB_Coimbra_002,4G,40.177500782005175,-8.436201575441272,RTR_Coimbra_01,Gi0/0/2,Centro,Coimbra,2023-09-12,ACTIVE
PT4G0321,PT_SITE_Coimbra_003,eNB_Coimbra_003,4G,40.196584306014195,-8.376919569494211,RTR_Coimbra_01,Gi0/0/3,Centro,Coimbra,2019-12-26,ACTIVE
PT4G0322,PT_SITE_Coimbra_004,eNB_Coimbra_004,4G,40.198108172972724,-8.440362859062361,RTR_Coimbra_02,Gi0/0/1,Centro,Coimbra,2021-08-18,ACTIVE
PT4G0323,PT_SITE_Coimbra_005,eNB_Coimbra_005,4G,40.19838513871828,-8.415754471394953,RTR_Coimbra_02,Gi0/0/2,Centro,Coimbra,2024-03-28,ACTIVE
PT4G0324,PT_SITE_Coimbra_006,eNB_Coimbra_006,4G,40.149362267141164,-8.411385897330355,RTR_Coimbra_02,Gi0/0/3,Centro,Coimbra,2024-09-10,ACTIVE
PT4G0325,PT_SITE_Coimbra_007,eNB_Coimbra_007,4G,40.19868130939582,-8.39637587270373,RTR_Coimbra_03,Gi0/0/1,Centro,Coimbra,2020-12-28,ACTIVE
PT4G0326,PT_SITE_Coimbra_008,eNB_Coimbra_008,4G,40.24027912189891,-8.387768699409044,RTR_Coimbra_03,Gi0/0/2,Centro,Coimbra,2023-04-08,ACTIVE
PT4G0327,PT_SITE_Coimbra_009,eNB_Coimbra_009,4G,40.1979222261889,-8.432430518174833,RTR_Coimbra_03,Gi0/0/3,Centro,Coimbra,2021-10-18,ACTIVE
PT4G0328,PT_SITE_Coimbra_010,eNB_Coimbra_010,4G,40.254767196064996,-8.40911563131971,RTR_Coimbra_04,Gi0/0/1,Centro,Coimbra,2022-12-03,ACTIVE
PT4G0329,PT_SITE_Coimbra_011,eNB_Coimbra_011,4G,40.20357858583826,-8.410782501742199,RTR_Coimbra_04,Gi0/0/2,Centro,Coimbra,2019-10-12,ACTIVE
PT4G0330,PT_SITE_Coimbra_012,eNB_Coimbra_012,4G,40.20726169521536,-8.413187208238478,RTR_Coimbra_04,Gi0/0/3,Centro,Coimbra,2019-12-09,ACTIVE
PT4G0331,PT_SITE_Coimbra_013,eNB_Coimbra_013,4G,40.191826759862394,-8.421237178824807,RTR_Coimbra_05,Gi0/0/1,Centro,Coimbra,2024-08-16,ACTIVE
PT4G0332,PT_SITE_Coimbra_014,eNB_Coimbra_014,4G,40.20264493459568,-8.421168495422675,RTR_Coimbra_05,Gi0/0/2,Centro,Coimbra,2023-06-24,ACTIVE
PT4G0333,PT_SITE_Coimbra_015,eNB_Coimbra_015,4G,40.18904308434646,-8.408171395446162,RTR_Coimbra_05,Gi0/0/3,Centro,Coimbra,2023-11-21,ACTIVE
PT4G0334,PT_SITE_Coimbra_016,eNB_Coimbra_016,4G,40.19820045565158,-8.380220140228346,RTR_Coimbra_06,Gi0/0/1,Centro,Coimbra,2023-01-23,ACTIVE
PT4G0335,PT_SITE_Coimbra_017,eNB_Coimbra_017,4G,40.15028060383214,-8.38846986296155,RTR_Coimbra_06,Gi0/0/2,Centro,Coimbra,2024-04-30,ACTIVE
PT4G0336,PT_SITE_Coimbra_018,eNB_Coimbra_018,4G,40.228221703849954,-8.451767804648162,RTR_Coimbra_06,Gi0/0/3,Centro,Coimbra,2020-08-04,ACTIVE
PT4G0337,PT_SITE_Coimbra_019,eNB_Coimbra_019,4G,40.19644624811839,-8.417728817319915,RTR_Coimbra_07,Gi0/0/1,Centro,Coimbra,2023-01-27,ACTIVE
PT5G0338,PT_SITE_Coimbra_020,gNB_Coimbra_001,5G,40.18218732457923,-8.421967250313863,RTR_Coimbra_01,Gi0/1/1,Centro,Coimbra,2024-04-12,ACTIVE
PT5G0339,PT_SITE_Coimbra_021,gNB_Coimbra_002,5G,40.186641362318014,-8.384015943348645,RTR_Coimbra_01,Gi0/1/2,Centro,Coimbra,2025-02-16,ACTIVE
PT5G0340,PT_SITE_Coimbra_022,gNB_Coimbra_003,5G,40.21733517589721,-8.391226673575087,RTR_Coimbra_02,Gi0/1/1,Centro,Coimbra,2025-05-15,ACTIVE
PT5G0341,PT_SITE_Coimbra_023,gNB_Coimbra_004,5G,40.21412508096065,-8.427235776568258,RTR_Coimbra_02,Gi0/1/2,Centro,Coimbra,2024-08-15,ACTIVE
PT5G0342,PT_SITE_Coimbra_024,gNB_Coimbra_005,5G,40.195432196005804,-8.402959381581582,RTR_Coimbra_03,Gi0/1/1,Centro,Coimbra,2024-06-18,ACTIVE
PT5G0343,PT_SITE_Coimbra_025,gNB_Coimbra_006,5G,40.18496808286662,-8.399605023547414,RTR_Coimbra_03,Gi0/1/2,Centro,Coimbra,2025-05-17,ACTIVE
PT5G0344,PT_SITE_Coimbra_026,gNB_Coimbra_007,5G,40.19969511902762,-8.415922312113244,RTR_Coimbra_04,Gi0/1/1,Centro,Coimbra,2024-06-25,ACTIVE
PT5G0345,PT_SITE_Coimbra_027,gNB_Coimbra_008,5G,40.21396439952305,-8.403636050327709,RTR_Coimbra_04,Gi0/1/2,Centro,Coimbra,2024-11-23,ACTIVE
PT4G0346,PT_SITE_Faro_001,eNB_Faro_001,4G,37.01218067668361,-7.909013403932715,RTR_Faro_01,Gi0/0/1,Algarve,Faro,2021-12-07,ACTIVE
PT4G0347,PT_SITE_Faro_002,eNB_Faro_002,4G,36.997778733448,-7.919881287861115,RTR_Faro_01,Gi0/0/2,Algarve,Faro,2023-07-31,ACTIVE
PT4G0348,PT_SITE_Faro_003,eNB_Faro_003,4G,37.031262025159364,-7.93839092878628,RTR_Faro_01,Gi0/0/3,Algarve,Faro,2020-10-07,ACTIVE
PT4G0349,PT_SITE_Faro_004,eNB_Faro_004,4G,37.02592266044484,-7.957222271527706,RTR_Faro_02,Gi0/0/1,Algarve,Faro,2020-03-05,ACTIVE
PT4G0350,PT_SITE_Faro_005,eNB_Faro_005,4G,37.03788054038414,-7.9358980427288595,RTR_Faro_02,Gi0/0/2,Algarve,Faro,2022-12-31,ACTIVE
PT4G0351,PT_SITE_Faro_006,eNB_Faro_006,4G,37.00894553958962,-7.911219815483262,RTR_Faro_02,Gi0/0/3,Algarve,Faro,2022-01-29,ACTIVE
PT4G0352,PT_SITE_Faro_007,eNB_Faro_007,4G,37.005313126189144,-7.960369225927271,RTR_Faro_03,Gi0/0/1,Algarve,Faro,2022-11-29,ACTIVE
PT4G0353,PT_SITE_Faro_008,eNB_Faro_008,4G,36.98826741652952,-7.920079800973087,RTR_Faro_03,Gi0/0/2,Algarve,Faro,2022-09-30,ACTIVE
PT4G0354,PT_SITE_Faro_009,eNB_Faro_009,4G,36.993791412950074,-7.897104116360313,RTR_Faro_03,Gi0/0/3,Algarve,Faro,2020-02-10,ACTIVE
PT5G0355,PT_SITE_Faro_010,gNB_Faro_001,5G,36.98817105888174,-7.906753154475649,RTR_Faro_01,Gi0/1/1,Algarve,Faro,2025-06-01,ACTIVE
PT5G0356,PT_SITE_Faro_011,gNB_Faro_002,5G,37.02256526200804,-7.933650696678056,RTR_Faro_01,Gi0/1/2,Algarve,Faro,2024-12-25,ACTIVE
PT5G0357,PT_SITE_Faro_012,gNB_Faro_003,5G,37.01122621369786,-7.926212958284719,RTR_Faro_02,Gi0/1/1,Algarve,Faro,2024-07-21,ACTIVE
PT4G0358,PT_SITE_Aveiro_001,eNB_Aveiro_001,4G,40.64354730595151,-8.62343396235967,RTR_Aveiro_01,Gi0/0/1,Centro,Aveiro,2020-02-12,ACTIVE
PT4G0359,PT_SITE_Aveiro_002,eNB_Aveiro_002,4G,40.646584552973245,-8.642493964770763,RTR_Aveiro_01,Gi0/0/2,Centro,Aveiro,2021-12-13,ACTIVE
PT4G0360,PT_SITE_Aveiro_003,eNB_Aveiro_003,4G,40.637027755755724,-8.64663891247442,RTR_Aveiro_01,Gi0/0/3,Centro,Aveiro,2021-09-28,ACTIVE
PT4G0361,PT_SITE_Aveiro_004,eNB_Aveiro_004,4G,40.65045603537784,-8.679703367853133,RTR_Aveiro_02,Gi0/0/1,Centro,Aveiro,2022-12-12,ACTIVE
PT4G0362,PT_SITE_Aveiro_005,eNB_Aveiro_005,4G,40.61733629155788,-8.630634718119547,RTR_Aveiro_02,Gi0/0/2,Centro,Aveiro,2023-07-10,ACTIVE
PT4G0363,PT_SITE_Aveiro_006,eNB_Aveiro_006,4G,40.64771730876256,-8.649179666727054,RTR_Aveiro_02,Gi0/0/3,Centro,Aveiro,2020-06-11,ACTIVE
PT4G0364,PT_SITE_Aveiro_007,eNB_Aveiro_007,4G,40.64466867866131,-8.638548365892767,RTR_Aveiro_03,Gi0/0/1,Centro,Aveiro,2024-04-19,ACTIVE
PT4G0365,PT_SITE_Aveiro_008,eNB_Aveiro_008,4G,40.633504806393816,-8.661066094508046,RTR_Aveiro_03,Gi0/0/2,Centro,Aveiro,2019-06-16,ACTIVE
PT4G0366,PT_SITE_Aveiro_009,eNB_Aveiro_009,4G,40.648216905101954,-8.6650674555523,RTR_Aveiro_03,Gi0/0/3,Centro,Aveiro,2022-03-28,ACTIVE
PT4G0367,PT_SITE_Aveiro_010,eNB_Aveiro_010,4G,40.65246505511429,-8.679551672084758,RTR_Aveiro_04,Gi0/0/1,Centro,Aveiro,2022-06-30,ACTIVE
PT4G0368,PT_SITE_Aveiro_011,eNB_Aveiro_011,4G,40.664883112746516,-8.63604805035174,RTR_Aveiro_04,Gi0/0/2,Centro,Aveiro,2019-07-28,ACTIVE
PT5G0369,PT_SITE_Aveiro_012,gNB_Aveiro_001,5G,40.64814044601471,-8.630759635240818,RTR_Aveiro_01,Gi0/1/1,Centro,Aveiro,2024-07-03,ACTIVE
PT5G0370,PT_SITE_Aveiro_013,gNB_Aveiro_002,5G,40.66928211666694,-8.630284449024728,RTR_Aveiro_01,Gi0/1/2,Centro,Aveiro,2024-08-18,ACTIVE
PT5G0371,PT_SITE_Aveiro_014,gNB_Aveiro_003,5G,40.616686886530026,-8.664693654501036,RTR_Aveiro_02,Gi0/1/1,Centro,Aveiro,2024-11-05,ACTIVE
PT5G0372,PT_SITE_Aveiro_015,gNB_Aveiro_004,5G,40.63492772133456,-8.645108634246837,RTR_Aveiro_02,Gi0/1/2,Centro,Aveiro,2024-11-10,ACTIVE
PT4G0373,PT_SITE_vora_001,eNB_vora_001,4G,38.57675318040938,-7.92141487626307,RTR_vora_01,Gi0/0/1,Alentejo,vora,2024-06-20,ACTIVE
PT4G0374,PT_SITE_vora_002,eNB_vora_002,4G,38.57013533528954,-7.9220076586470665,RTR_vora_01,Gi0/0/2,Alentejo,vora,2022-07-26,ACTIVE
PT4G0375,PT_SITE_vora_003,eNB_vora_003,4G,38.55416964394016,-7.935033221936965,RTR_vora_01,Gi0/0/3,Alentejo,vora,2020-04-06,ACTIVE
PT4G0376,PT_SITE_vora_004,eNB_vora_004,4G,38.54793533507778,-7.933933692112327,RTR_vora_02,Gi0/0/1,Alentejo,vora,2021-01-19,ACTIVE
PT4G0377,PT_SITE_vora_005,eNB_vora_005,4G,38.54688253494046,-7.885827164067844,RTR_vora_02,Gi0/0/2,Alentejo,vora,2021-08-10,ACTIVE
PT4G0378,PT_SITE_vora_006,eNB_vora_006,4G,38.54741202222336,-7.854252358703253,RTR_vora_02,Gi0/0/3,Alentejo,vora,2023-12-15,ACTIVE
PT4G0379,PT_SITE_vora_007,eNB_vora_007,4G,38.57626635801762,-7.903203277526103,RTR_vora_03,Gi0/0/1,Alentejo,vora,2021-08-08,ACTIVE
PT5G0380,PT_SITE_vora_008,gNB_vora_001,5G,38.553524633297286,-7.896395351808866,RTR_vora_01,Gi0/1/1,Alentejo,vora,2024-07-02,ACTIVE
PT5G0381,PT_SITE_vora_009,gNB_vora_002,5G,38.55776543260644,-7.90506985278032,RTR_vora_01,Gi0/1/2,Alentejo,vora,2024-01-22,ACTIVE
PT5G0382,PT_SITE_vora_010,gNB_vora_003,5G,38.604801268074034,-7.90834089849587,RTR_vora_02,Gi0/1/1,Alentejo,vora,2024-05-13,ACTIVE
PT4G0383,PT_SITE_Viseu_001,eNB_Viseu_001,4G,40.67958546652571,-7.927863528502518,RTR_Viseu_01,Gi0/0/1,Centro,Viseu,2021-01-07,ACTIVE
PT4G0384,PT_SITE_Viseu_002,eNB_Viseu_002,4G,40.655900230190056,-7.87838398728729,RTR_Viseu_01,Gi0/0/2,Centro,Viseu,2024-06-03,ACTIVE
PT4G0385,PT_SITE_Viseu_003,eNB_Viseu_003,4G,40.64406065884424,-7.877551028840061,RTR_Viseu_01,Gi0/0/3,Centro,Viseu,2023-06-10,ACTIVE
PT4G0386,PT_SITE_Viseu_004,eNB_Viseu_004,4G,40.67075503870911,-7.925049335517886,RTR_Viseu_02,Gi0/0/1,Centro,Viseu,2021-10-21,ACTIVE
PT4G0387,PT_SITE_Viseu_005,eNB_Viseu_005,4G,40.66924815478111,-7.894348911007466,RTR_Viseu_02,Gi0/0/2,Centro,Viseu,2022-09-24,ACTIVE
PT4G0388,PT_SITE_Viseu_006,eNB_Viseu_006,4G,40.66903619924434,-7.945204494397809,RTR_Viseu_02,Gi0/0/3,Centro,Viseu,2021-10-03,ACTIVE
PT4G0389,PT_SITE_Viseu_007,eNB_Viseu_007,4G,40.6420572564835,-7.91875037271103,RTR_Viseu_03,Gi0/0/1,Centro,Viseu,2024-04-21,ACTIVE
PT4G0390,PT_SITE_Viseu_008,eNB_Viseu_008,4G,40.655111331418,-7.901386558048987,RTR_Viseu_03,Gi0/0/2,Centro,Viseu,2023-07-08,ACTIVE
PT4G0391,PT_SITE_Viseu_009,eNB_Viseu_009,4G,40.66015402001866,-7.940506887174203,RTR_Viseu_03,Gi0/0/3,Centro,Viseu,2019-11-11,ACTIVE
PT4G0392,PT_SITE_Viseu_010,eNB_Viseu_010,4G,40.66420395702011,-7.9015882850943235,RTR_Viseu_04,Gi0/0/1,Centro,Viseu,2020-11-09,ACTIVE
PT4G0393,PT_SITE_Viseu_011,eNB_Viseu_011,4G,40.667795808958616,-7.892184385488908,RTR_Viseu_04,Gi0/0/2,Centro,Viseu,2021-03-20,ACTIVE
PT4G0394,PT_SITE_Viseu_012,eNB_Viseu_012,4G,40.67327844309098,-7.904616398415431,RTR_Viseu_04,Gi0/0/3,Centro,Viseu,2019-11-03,ACTIVE
PT4G0395,PT_SITE_Viseu_013,eNB_Viseu_013,4G,40.655196685770825,-7.94701921867032,RTR_Viseu_05,Gi0/0/1,Centro,Viseu,2018-12-31,ACTIVE
PT4G0396,PT_SITE_Viseu_014,eNB_Viseu_014,4G,40.66519236438265,-7.909646246256738,RTR_Viseu_05,Gi0/0/2,Centro,Viseu,2023-06-09,ACTIVE
PT5G0397,PT_SITE_Viseu_015,gNB_Viseu_001,5G,40.66067368255793,-7.932951228637305,RTR_Viseu_01,Gi0/1/1,Centro,Viseu,2024-05-28,ACTIVE
PT5G0398,PT_SITE_Viseu_016,gNB_Viseu_002,5G,40.640384151893876,-7.898002707200007,RTR_Viseu_01,Gi0/1/2,Centro,Viseu,2023-11-14,ACTIVE
PT5G0399,PT_SITE_Viseu_017,gNB_Viseu_003,5G,40.65600667269215,-7.903577489539411,RTR_Viseu_02,Gi0/1/1,Centro,Viseu,2024-12-14,ACTIVE
PT5G0400,PT_SITE_Viseu_018,gNB_Viseu_004,5G,40.65702477564196,-7.913353657907564,RTR_Viseu_02,Gi0/1/2,Centro,Viseu,2024-10-09,ACTIVE
PT5G0401,PT_SITE_Viseu_019,gNB_Viseu_005,5G,40.67067425708964,-7.921540670923261,RTR_Viseu_03,Gi0/1/1,Centro,Viseu,2025-05-12,ACTIVE
PT5G0402,PT_SITE_Viseu_020,gNB_Viseu_006,5G,40.658041811654115,-7.920734129330576,RTR_Viseu_03,Gi0/1/2,Centro,Viseu,2024-04-06,ACTIVE
PT4G0403,PT_SITE_Guarda_001,eNB_Guarda_001,4G,40.52771007545135,-7.274483442469373,RTR_Guarda_01,Gi0/0/1,Centro,Guarda,2024-09-18,ACTIVE
PT4G0404,PT_SITE_Guarda_002,eNB_Guarda_002,4G,40.54084267543267,-7.27787497243327,RTR_Guarda_01,Gi0/0/2,Centro,Guarda,2018-11-26,ACTIVE
PT4G0405,PT_SITE_Guarda_003,eNB_Guarda_003,4G,40.56151512251147,-7.28619214604439,RTR_Guarda_01,Gi0/0/3,Centro,Guarda,2022-07-10,ACTIVE
PT4G0406,PT_SITE_Guarda_004,eNB_Guarda_004,4G,40.53266256711677,-7.2770946211654834,RTR_Guarda_02,Gi0/0/1,Centro,Guarda,2020-08-25,ACTIVE
PT4G0407,PT_SITE_Guarda_005,eNB_Guarda_005,4G,40.565339557687075,-7.264368904469769,RTR_Guarda_02,Gi0/0/2,Centro,Guarda,2019-11-24,ACTIVE
PT5G0408,PT_SITE_Guarda_006,gNB_Guarda_001,5G,40.55187766809203,-7.290583405595554,RTR_Guarda_01,Gi0/1/1,Centro,Guarda,2025-04-16,ACTIVE
PT5G0409,PT_SITE_Guarda_007,gNB_Guarda_002,5G,40.54040575398804,-7.254955538065649,RTR_Guarda_01,Gi0/1/2,Centro,Guarda,2024-07-23,ACTIVE
PT4G0410,PT_SITE_Castelo Branco_001,eNB_Castelo Branco_001,4G,39.823845679785514,-7.4717903924986935,RTR_Castelo Branco_01,Gi0/0/1,Centro,Castelo Branco,2021-03-19,ACTIVE
PT4G0411,PT_SITE_Castelo Branco_002,eNB_Castelo Branco_002,4G,39.811854230997994,-7.464913051196288,RTR_Castelo Branco_01,Gi0/0/2,Centro,Castelo Branco,2023-05-03,ACTIVE
PT4G0412,PT_SITE_Castelo Branco_003,eNB_Castelo Branco_003,4G,39.86817796247239,-7.500356771208793,RTR_Castelo Branco_01,Gi0/0/3,Centro,Castelo Branco,2021-05-13,ACTIVE
PT4G0413,PT_SITE_Castelo Branco_004,eNB_Castelo Branco_004,4G,39.81328994957199,-7.464032310457646,RTR_Castelo Branco_02,Gi0/0/1,Centro,Castelo Branco,2019-01-17,ACTIVE
PT4G0414,PT_SITE_Castelo Branco_005,eNB_Castelo Branco_005,4G,39.85379144291462,-7.5035572005430655,RTR_Castelo Branco_02,Gi0/0/2,Centro,Castelo Branco,2021-04-07,ACTIVE
PT4G0415,PT_SITE_Castelo Branco_006,eNB_Castelo Branco_006,4G,39.813796263658084,-7.498735692177211,RTR_Castelo Branco_02,Gi0/0/3,Centro,Castelo Branco,2020-02-26,ACTIVE
PT4G0416,PT_SITE_Castelo Branco_007,eNB_Castelo Branco_007,4G,39.79531098977932,-7.511473038929684,RTR_Castelo Branco_03,Gi0/0/1,Centro,Castelo Branco,2021-01-27,ACTIVE
PT5G0417,PT_SITE_Castelo Branco_008,gNB_Castelo Branco_001,5G,39.80713788849872,-7.504616963476562,RTR_Castelo Branco_01,Gi0/1/1,Centro,Castelo Branco,2024-05-10,ACTIVE
PT5G0418,PT_SITE_Castelo Branco_009,gNB_Castelo Branco_002,5G,39.8216797266892,-7.489586779011952,RTR_Castelo Branco_01,Gi0/1/2,Centro,Castelo Branco,2024-08-28,ACTIVE
PT5G0419,PT_SITE_Castelo Branco_010,gNB_Castelo Branco_003,5G,39.84545750739221,-7.508075310611082,RTR_Castelo Branco_02,Gi0/1/1,Centro,Castelo Branco,2023-12-07,ACTIVE
PT4G0420,PT_SITE_Leiria_001,eNB_Leiria_001,4G,39.763486447969534,-8.811379776884511,RTR_Leiria_01,Gi0/0/1,Centro,Leiria,2023-04-22,ACTIVE
PT4G0421,PT_SITE_Leiria_002,eNB_Leiria_002,4G,39.742810725806955,-8.793603610156667,RTR_Leiria_01,Gi0/0/2,Centro,Leiria,2022-08-01,ACTIVE
PT4G0422,PT_SITE_Leiria_003,eNB_Leiria_003,4G,39.72134555956875,-8.79945180507632,RTR_Leiria_01,Gi0/0/3,Centro,Leiria,2020-01-07,ACTIVE
PT4G0423,PT_SITE_Leiria_004,eNB_Leiria_004,4G,39.74712904416426,-8.797250974719837,RTR_Leiria_02,Gi0/0/1,Centro,Leiria,2020-06-25,ACTIVE
PT4G0424,PT_SITE_Leiria_005,eNB_Leiria_005,4G,39.749583372878156,-8.757993997201782,RTR_Leiria_02,Gi0/0/2,Centro,Leiria,2022-10-13,ACTIVE
PT4G0425,PT_SITE_Leiria_006,eNB_Leiria_006,4G,39.73104520031497,-8.817719939100037,RTR_Leiria_02,Gi0/0/3,Centro,Leiria,2021-05-11,ACTIVE
PT4G0426,PT_SITE_Leiria_007,eNB_Leiria_007,4G,39.7313371894715,-8.818209542383205,RTR_Leiria_03,Gi0/0/1,Centro,Leiria,2020-03-06,ACTIVE
PT4G0427,PT_SITE_Leiria_008,eNB_Leiria_008,4G,39.73105225745387,-8.78331966937785,RTR_Leiria_03,Gi0/0/2,Centro,Leiria,2024-09-23,ACTIVE
PT4G0428,PT_SITE_Leiria_009,eNB_Leiria_009,4G,39.772210084959795,-8.81851492587499,RTR_Leiria_03,Gi0/0/3,Centro,Leiria,2021-04-29,ACTIVE
PT4G0429,PT_SITE_Leiria_010,eNB_Leiria_010,4G,39.727152888537915,-8.797671688872272,RTR_Leiria_04,Gi0/0/1,Centro,Leiria,2021-07-07,ACTIVE
PT4G0430,PT_SITE_Leiria_011,eNB_Leiria_011,4G,39.73275553911438,-8.79444136364489,RTR_Leiria_04,Gi0/0/2,Centro,Leiria,2022-05-18,ACTIVE
PT4G0431,PT_SITE_Leiria_012,eNB_Leiria_012,4G,39.74785846041703,-8.837414882299944,RTR_Leiria_04,Gi0/0/3,Centro,Leiria,2019-11-30,ACTIVE
PT4G0432,PT_SITE_Leiria_013,eNB_Leiria_013,4G,39.7747501040266,-8.77118244653809,RTR_Leiria_05,Gi0/0/1,Centro,Leiria,2021-02-13,ACTIVE
PT4G0433,PT_SITE_Leiria_014,eNB_Leiria_014,4G,39.731544226190316,-8.81485403119872,RTR_Leiria_05,Gi0/0/2,Centro,Leiria,2019-07-09,ACTIVE
PT4G0434,PT_SITE_Leiria_015,eNB_Leiria_015,4G,39.7495173078145,-8.80041086420026,RTR_Leiria_05,Gi0/0/3,Centro,Leiria,2019-10-12,ACTIVE
PT4G0435,PT_SITE_Leiria_016,eNB_Leiria_016,4G,39.756970885453455,-8.766895909224672,RTR_Leiria_06,Gi0/0/1,Centro,Leiria,2019-10-10,ACTIVE
PT4G0436,PT_SITE_Leiria_017,eNB_Leiria_017,4G,39.74026105545012,-8.82306594489077,RTR_Leiria_06,Gi0/0/2,Centro,Leiria,2022-05-03,ACTIVE
PT4G0437,PT_SITE_Leiria_018,eNB_Leiria_018,4G,39.71621361543971,-8.821718600798839,RTR_Leiria_06,Gi0/0/3,Centro,Leiria,2019-01-01,ACTIVE
PT5G0438,PT_SITE_Leiria_019,gNB_Leiria_001,5G,39.743303095406894,-8.780181632047233,RTR_Leiria_01,Gi0/1/1,Centro,Leiria,2024-02-28,ACTIVE
PT5G0439,PT_SITE_Leiria_020,gNB_Leiria_002,5G,39.73603583051446,-8.803743180725416,RTR_Leiria_01,Gi0/1/2,Centro,Leiria,2025-01-04,ACTIVE
PT5G0440,PT_SITE_Leiria_021,gNB_Leiria_003,5G,39.74355365655891,-8.789274100898279,RTR_Leiria_02,Gi0/1/1,Centro,Leiria,2025-04-01,ACTIVE
PT5G0441,PT_SITE_Leiria_022,gNB_Leiria_004,5G,39.7817039863881,-8.815063031593805,RTR_Leiria_02,Gi0/1/2,Centro,Leiria,2024-09-09,ACTIVE
PT5G0442,PT_SITE_Leiria_023,gNB_Leiria_005,5G,39.736458408362225,-8.791437586843964,RTR_Leiria_03,Gi0/1/1,Centro,Leiria,2024-01-16,ACTIVE
PT5G0443,PT_SITE_Leiria_024,gNB_Leiria_006,5G,39.75402837234439,-8.77939939011396,RTR_Leiria_03,Gi0/1/2,Centro,Leiria,2023-10-01,ACTIVE
PT5G0444,PT_SITE_Leiria_025,gNB_Leiria_007,5G,39.75255892277989,-8.812489381361805,RTR_Leiria_04,Gi0/1/1,Centro,Leiria,2024-07-18,ACTIVE
PT4G0445,PT_SITE_Beja_001,eNB_Beja_001,4G,38.02681309661385,-7.8410259283883414,RTR_Beja_01,Gi0/0/1,Alentejo,Beja,2023-09-08,ACTIVE
PT4G0446,PT_SITE_Beja_002,eNB_Beja_002,4G,38.031409643623945,-7.853054519377854,RTR_Beja_01,Gi0/0/2,Alentejo,Beja,2022-02-05,ACTIVE
PT4G0447,PT_SITE_Beja_003,eNB_Beja_003,4G,38.03633349379179,-7.839814088191087,RTR_Beja_01,Gi0/0/3,Alentejo,Beja,2021-04-02,ACTIVE
PT4G0448,PT_SITE_Beja_004,eNB_Beja_004,4G,38.04264317982075,-7.850225802248207,RTR_Beja_02,Gi0/0/1,Alentejo,Beja,2022-03-19,ACTIVE
PT5G0449,PT_SITE_Beja_005,gNB_Beja_001,5G,38.01249322879525,-7.8609992947035,RTR_Beja_01,Gi0/1/1,Alentejo,Beja,2024-12-05,ACTIVE
PT5G0450,PT_SITE_Beja_006,gNB_Beja_002,5G,38.03309763449763,-7.875454035064808,RTR_Beja_01,Gi0/1/2,Alentejo,Beja,2025-01-27,ACTIVE
